43,12,27,6,15,137,125,0.35,27,338,360,2,0,12,43
43,11,33,6,15,137,132,0.47,27,309,315,2,0,12,43
41,11,39,6,18,132,133,0.43,25,5,360,2,0,14,42
45,19,45,6,27,117,130,0.42,24,286,270,2,0,19,45
45,19,45,6,27,117,130,0.42,24,286,270,2,0,19,45
51,24,51,6,34,100,127,0.43,20,243,225,2,0,20,51
51,24,51,6,34,100,127,0.43,20,243,225,2,0,20,51
59,27,68,6,61,63,119,0.58,20,74,90,1,0,28,59
59,27,68,6,61,63,119,0.58,20,74,90,1,0,28,59
62,32,74,6,85,24,106,0.7,18,251,270,2,0,34,62
62,32,74,6,85,24,106,0.7,18,251,270,2,0,34,62
70,32,90,8,92,11,90,0.77,16,245,225,2,0,33,70
70,32,90,8,92,11,90,0.77,16,245,225,2,0,33,70
68,29,85,8,88,9,9,0.72,15,141,135,1,0,39,68
68,29,85,8,88,9,9,0.72,15,141,135,1,0,39,68
75,26,100,8,80,9,9,0.63,14,146,135,1,0,43,75
75,26,100,8,80,9,9,0.63,14,146,135,1,0,43,75
81,25,111,12,77,8,9,0.85,14,318,315,2,0,45,81
81,25,111,12,77,8,9,0.85,14,318,315,2,0,45,81
77,29,103,14,72,8,9,0.8,13,236,225,1,0,48,77
77,29,103,14,72,8,9,0.8,13,236,225,1,0,48,77
77,31,103,16,68,8,8,0.73,12,268,270,1,0,50,77
77,31,103,16,68,8,8,0.73,12,268,270,1,0,50,77
78,32,106,25,65,8,8,0.9,12,299,315,1,0,50,78
78,32,106,25,65,8,8,0.9,12,299,315,1,0,50,78
89,37,128,26,66,10,9,1.35,13,279,270,1,0,49,89
89,37,128,26,66,10,9,1.35,13,279,270,1,0,49,89
98,37,145,25.4,68,17,10,1.296666667,16,80,90,1,0,41,98
98,37,145,24.8,68,17,10,1.243333333,16,80,90,1,0,41,98
87,38,123,24.2,71,38,12,1.19,18,88,90,1,0,33,87
87,38,123,23.6,71,38,12,1.136666667,18,88,90,1,0,33,87
87,38,123,23,71,38,12,1.083333333,19.5,88,90,1,0,30,87
68,30,85,22.4,64,64,19,1.03,21,59,45,2,0,27,68
68,30,85,21.8,64,64,19,1.03,21,59,45,2,0,27,68
61,29,72,21.2,53,99,31,0.88,23,15,360,1,0,22,61
61,29,72,20.6,53,99,31,0.88,23,15,360,1,0,22,61
90,25,130,20,32,132,47,0.63,25,308,315,2,0,13,90
90,25,130,20,32,132,47,0.63,25,308,315,2,0,13,90
87,24,123,12,25,147,65,0.57,27,351,360,2,0,13,87
87,24,123,12,25,147,65,0.57,27,351,360,2,0,13,87
70,24,90,10,20,153,84,0.47,29,341,360,2,0,13,70
70,24,90,10,20,153,84,0.47,29,341,360,2,0,13,70
69,22,88,9,19,152,103,0.45,30,339,360,2,0,10,69
69,22,88,9,19,152,103,0.45,30,339,360,2,0,10,69
65,20,79,7,16,151,120,0.38,30,4,360,2,0,9,64
65,20,79,7,16,151,120,0.38,30,4,360,2,0,9,64
98,24,145,7,13,139,130,0.45,29,32,45,2,0,7,97
98,24,145,7,13,139,130,0.45,29,32,45,2,0,7,97
98,24,145,7,13,139,130,0.45,29,32,45,2,0,7,97
114,30,148,6,15,120,136,0.47,26,17,360,3,0,7,114
114,30,151,6,15,120,136,0.47,26,17,360,3,0,7,114
102,35,154,6,14,113,138,0.45,24,28,45,2,0,8,102
102,35,154,6,14,113,138,0.45,24,28,45,2,0,8,102
86,39,121,6,15,108,135,0.4,22,1,360,2,0,8,94
86,39,121,6,15,108,135,0.4,22,1,360,2,0,8,86
93,42,135,6,18,101,129,0.35,21,318,315,2,0,9,93
84,42,117,6,23,93,122,0.33,19,305,315,2,0,9,84
90,43,130,8,21,89,114,0.43,18,48,45,1,0,10,90
90,43,130,8,21,89,114,0.43,18,48,45,1,0,10,90
100,45,150,7,20,86,106,0.4,17,264,270,1,0,12,100
100,45,150,7,20,86,106,0.4,17,264,270,1,0,12,100
100,44,150,6,23,80,80,0.33,15,263,270,2,0,14,100
100,44,150,6,23,80,80,0.33,15,263,270,2,0,14,100
89,41,127,6,27,73,76,0.27,14,275,270,2,0,17,89
89,41,127,6,27,73,76,0.27,14,275,270,2,0,17,89
86,43,121,7,42,53,69,0.3,13,343,360,1,0,23,86
86,43,121,7,42,53,69,0.3,13,343,360,1,0,23,86
92,43,134,8,59,27,58,0.3,13,144,135,2,0,20,92
92,43,134,8,59,27,58,0.3,13,144,135,2,0,20,92
92,42,134,10,55,26,52,0.3,11,198,180,2,0,29,92
92,42,134,10,55,26,52,0.3,11,198,180,2,0,29,92
94,43.4,137,8,55,24,47,0.35,9,284,270,1,0,29,94
94,44.8,137,8,55,24,47,0.35,9,284,270,1,0,29,94
108,46.2,165,20,57,25,44,0.83,12,180,180,2,0,29,107
108,47.6,165,20,57,25,44,0.83,12,180,180,2,0,29,107
107,49,163,26,54,34,43,1.05,14,135,135,2,0,27,107
107,49,163,26,54,34,43,1.05,14,135,135,2,0,27,107
94,41,137,28,45,42,38,1.25,16,146,135,2,0,24,100.5
94,41,137,28,45,42,38,1.25,16,146,135,2,0,24,94
89,38,127,25,42,58,36,1.13,18,131,135,2,0,18,89
103,33,156,19,30,72,38,1.02,19.5,110,90,2,0,15,103
103,33,156,19,30,72,38,1.02,21,110,90,2,0,12,103
79,28,107,13,24,93,46,0.75,22,131,135,2,0,12,79
79,28,107,13,24,93,46,0.75,22,131,135,2,0,12,79
72,32,93,9,17,112,57,0.67,24,117,135,2,0,10,72
72,32,93,9,17,112,57,0.67,24,117,135,2,0,10,72
67,27,83,6,13,124,68,0.57,25,113,135,2,0,10,67
67,27,83,6,13,124,68,0.57,25,113,135,2,0,10,67
60,25,70,6,20,117,81,0.57,23,136,135,2,0,11,60
60,25,70,6,20,117,81,0.57,23,136,135,2,0,11,60
58,20,66,6,19,122,93,0.52,25,134,135,2,0,11,58
58,20,66,6,19,122,93,0.52,25,134,135,2,0,11,58
63,20,75,5,17,128,104,0.53,26,150,135,3,0,11,62
63,20,75,5,17,128,104,0.53,26,150,135,3,0,11,62
62,20,74,5,19,129,112,0.6,26,139,135,2,0,12,62
62,20,74,5,19,129,112,0.6,26,139,135,2,0,12,62
66,19,82,5,23,127,119,0.65,25,154,135,2,0,12,66
66,19,82,5,23,127,119,0.65,25,154,135,2,0,12,66
65,22,80,6,28,121,122,0.65,23,133,135,2,0,12,65
65,22,80,6,28,121,122,0.65,23,133,135,2,0,12,65
70,27,90,5,37,102,121,0.6,21,192,180,2,0,16,70
70,27,90,5,37,102,121,0.6,21,192,180,2,0,16,70
70,27,90,5,37,102,121,0.6,20,192,180,2,0,18,70
74,30,97,6,50,80,116,0.73,19,172,180,2,0,20,73
74,30,97,6,50,80,116,0.73,19,172,180,2,0,20,73
75,31,99,6,56,70,110,0.65,18,144,135,2,0,28,75
75,31,99,6,56,70,110,0.65,18,144,135,2,0,28.5,75
75,31,99,6,56,70,110,0.65,18,90,90,3,0,29,76.5
78,32,106,7,66,53,101,0.63,17,126,135,2,0,30,78
78,32,106,7,66,53,101,0.63,17,126,135,2,0,30,78
77,31,104,8,67,45,45,0.57,17,43,45,1,0,33,77
77,31,104,8,67,45,45,0.57,17,43,45,1,0,33,77
80,34,110,11,74,32,38,0.63,16,316,315,1,0,34,80
80,34,110,11,74,32,38,0.63,16,316,315,1,0,34,80
80,34,110,11,74,32,38,0.63,15,316,315,1,0,36.5,80
82,35,113,10,75,23,33,0.58,14,8,360,1,0,39,81
82,35,113,10,75,23,33,0.58,14,8,360,1,0,39,81
79,39,107,8,77,16,29,0.6,13,279,270,1,0,42,79
79,39,107,8,77,16,29,0.6,13,279,270,1,0,42,79
86,40,122,8,75,15,26,0.6,12,282,270,1,0,46,86
86,40,122,8,75,15,26,0.6,12,282,270,1,0,46,86
86,40,122,8,75,15,26,0.6,12,282,270,1,0,46,86
94,38,137,8,74,11,24,0.65,12,289,270,1,0,47,94
94,38,137,8,74,11,24,0.65,12,289,270,1,0,47,94
98,41,146,10,73,13,22,0.77,13,240,225,1,0,47,98
98,41,146,10,73,13,22,0.77,13,240,225,1,0,47,98
109,39,168,16,74,17,21,1.05,16,7,360,1,0,39,109
109,39,168,16,74,17,21,1.05,16,7,360,1,0,39,109
109,39,168,16,74,17,21,1.05,17.5,7,360,1,0,36.5,109
97,40,143,21.66666667,68,40,21,1.13,19,5,360,2,0,34,97
97,40,143,27.33333333,68,40,21,1.13,19,5,360,2,0,34,97
82,36,113,33,65,70,24,1.1,20,103,90,2,0,27,82
82,36,113,33,65,70,24,1.1,20,103,90,2,0,27,82
76,35,102,26,60,130,38,0.98,22,44,45,2,0,25,79
76,35,102,26,60,130,38,0.98,22,44,45,2,0,25,76
76,35,102,26,60,130,38,0.98,22,44,45,2,0,25,76
73,31,95,19,37,123,50,0.85,23,266,270,2,0,22,73
73,31,95,19,37,123,50,0.85,23,266,270,2,0,22,73
71,26,92,17,37,128,65,0.88,23,337,315,2,0,21,71
71,26,92,17,37,128,65,0.88,23,337,315,2,0,21,71
69,27,88,18,34,128,81,0.8,24,296,315,2,0,21,69
69,27,88,18,34,128,81,0.8,24,296,315,2,0,21,69
72,29,94,18,33,124,96,0.75,25,327,315,2,0,20,72
72,29,94,18,33,124,96,0.75,25,327,315,2,0,20,72
71,29,92,17,30,128,111,0.68,25,307,315,2,0,21,71
71,29,92,17,30,128,111,0.68,25,307,315,2,0,21,71
71,26,92,15,30,127,123,0.65,26,296,315,2,0,21,71
71,26,92,15,30,127,123,0.65,26,296,315,2,0,21,71
64,26,78,10,25,125,127,0.57,25,273,270,2,0,23,64
64,26,78,10,25,125,127,0.57,25,273,270,2,0,23,64
67,27,84,8,20,125,127,0.55,24,322,315,2,0,23,67
67,27,84,8,20,125,127,0.55,24,322,315,2,0,23,67
57,26,63,7,19,117,125,0.5,21,19,360,1,0,28,57
57,26,63,7,19,117,125,0.5,21,19,360,1,0,28,57
57,29,63,6,26,104,123,0.53,22,193,180,2,0,31,57
57,29,63,6,26,104,123,0.53,22,193,180,2,0,31,57
57,29,63,6,26,104,123,0.53,22,193,180,2,0,31,57
55,29,60,7,47,73,116,0.63,20,142,135,2,0,36,55
55,29,60,7,47,73,116,0.63,20,142,135,2,0,36,55
63,27,76,7,82,28,103,0.75,18,147,135,2,0,44,75
63,27,76,7,82,28,103,0.75,18,147,135,2,0,44,69
63,27,76,7,82,28,103,0.75,18,147,135,2,0,44,63
63,27,76,7,82,28,103,0.75,18,147,135,2,0,44,63
69,27,88,9,74,33,92,0.85,18,59,45,1,0,51,69
69,27,88,9,74,33,92,0.85,18,59,45,1,0,51,69
69,27,88,9,74,33,92,0.85,18,59,45,1,0,51,67.5
66,31,81,12,66,43,43,1.03,17,355,360,1,0,52,66
66,31,81,12,66,43,43,1.03,17,355,360,1,0,52,66
63,37,76,10,68,37,40,0.75,16,295,315,2,0,56,63
63,37,76,10,68,37,40,0.75,16,295,315,2,0,56,63
63,37,76,10,68,37,40,0.75,16,295,315,2,0,56,63
69,24,88,9,71,27,36,0.75,16,12,360,1,0,53,69
69,24,88,9,71,27,36,0.75,16,12,360,1,0,53,69
69,24,88,9,71,27,36,0.75,16,12,360,1,0,53,72.5
76,31,101,10,78,22,32,0.83,16,269,270,2,0,55,76
76,31,101,10,78,22,32,0.83,16,269,270,2,0,55,76
79,33,108,12,77,18,30,0.88,17,185,180,1,0,55,79
79,33,108,12,77,18,30,0.88,17,185,180,1,0,55,79
79,33,108,12,77,18,30,0.88,17,185,180,1,0,55,80
82,36,114,12,77,16,27,1.03,17,283,270,1,0,63,81
82,36,114,12,77,16,27,1.03,17,283,270,1,0,56,82
82,36,114,12,77,16,27,1.03,17,283,270,1,0,56,82
85,36,120,16,78,14,25,1.17,17,158,180,1,0,61,85
85,36,120,16,78,14,25,1.17,17,158,180,1,0,61,85
77,40,104,28,77,17,24,1.47,18,93,90,1,0,62,81
77,40,104,28,77,17,24,1.47,18,93,90,1,0,62,77
80,36,109,28.77777778,75,22,21,1.486666667,19,79,90,1,0,51,80
90,38,130,29.55555556,82,28,20,1.503333333,19,67,45,1,0,48,90
80,35,109,30.33333333,77,41,22,1.52,21,335,315,2,0,40,80
79,29,107,31.11111111,64,73,28,1.08,22,337,315,2,0,31,78
79,29,107,31.88888889,64,73,28,1.08,22,337,315,2,0,31,78
79,29,107,32.66666667,64,73,28,1.08,22,337,315,2,0,31,74
70,28,90,33.44444444,49,94,38,0.85,23,322,315,2,0,27,70
70,28,90,34.22222222,49,94,38,0.85,23,322,315,2,0,27,70
63,26,75,35,33,112,50,0.73,24,44,45,2,0,25,62
63,26,75,35,33,112,50,0.73,24,44,45,2,0,25,62
60,22,69,24,23,140,64,0.67,25,101,90,2,0,22,60
60,22,69,24,23,140,64,0.67,25,101,90,2,0,22,60
59,25,67,14,19,150,80,0.6,25,42,45,2,0,21,59
59,25,67,14,19,150,80,0.6,25,42,45,2,0,21,59
58,22,66,12,21,155,99,0.6,25,206,225,2,0,25,58
58,22,66,12,21,155,99,0.6,25,206,225,2,0,25,58
58,26,66,12,23,161,115,0.6,25,197,180,2,4.04E-19,24,58
58,26,66,12,23,161,115,0.6,25,197,180,2,6.67E-19,24,58
58,26,66,12,23,161,115,0.6,25,216,225,3,1.42E-18,24,60.5
63,28,75,12,32,154,129,0.65,23,197,180,1,2.54E-18,30,63
63,28,75,12,32,154,129,0.65,23,197,180,1,3.79E-18,30,63
71,33,92,10,54,124,136,0.72,21,116,135,2,2.18E-18,32,71
71,33,92,10,54,124,136,0.72,21,116,135,2,4.46E-18,32,71
69,36,88,8,68,87,135,0.8,20,167,180,2,3.24E-18,36,69
69,36,88,8,68,87,135,0.8,20,167,180,2,1.22E-18,36,69
68,36,86,8,72,66,129,0.77,20,146,135,2,1.69E-19,42,68
68,36,86,8,72,66,129,0.77,20,146,135,2,-2.13E-18,42,68
64,36,77,9,66,63,120,0.68,19,267,270,2,-8.78E-18,47,63
64,36,77,9,66,63,120,0.68,19,267,270,2,-1.41E-17,47,63
64,36,78,10,67,51,108,0.88,18,313,315,2,-1.15E-17,50,63.5
64,36,78,10,67,51,108,0.88,18,313,315,2,-8.88E-18,50,64
64,36,78,10,67,51,108,0.88,18,313,315,2,-8.80E-18,50,64
67,33,83,14,67,42,42,0.8,17,274,270,1,-3.81E-18,53,67
67,33,83,14,67,42,42,0.8,17,274,270,1,-2.73E-18,53,67
68,32,85,14,67,37,40,0.88,17,281,270,1,-1.52E-17,56,68
68,32,85,14,67,37,40,0.88,17,281,270,1,-4.24E-18,56,68
66,32,81,16,67,33,38,0.95,16,194,180,1,-3.28E-18,57,66
66,32,81,16,67,33,38,0.95,16,194,180,1,3.98E-18,57,66
67,34,83,21,69,27,35,0.95,16,304,315,1,1.92E-17,60,66
67,34,83,21,69,27,35,0.95,16,304,315,1,2.75E-17,60,66
67,32,84,18,69,25,33,0.95,15,306,315,2,3.80E-17,61,67
67,32,84,18,69,25,33,0.95,15,306,315,2,3.92E-17,61,67
74,33,97,20,66,26,32,1.13,15,250,270,1,1.72E-17,63,74
74,33,97,20,66,26,32,1.13,15,250,270,1,3.33E-18,63,74
74,33,97,20,66,26,32,1.13,15,250,270,1,4.43E-18,63,74
75,33,99,21,66,26,31,1.35,16,149,135,1,-1.13E-17,59,74
75,33,99,21,66,26,31,1.35,16,149,135,1,3.85E-18,59,74
79,36,107,28,65,29,30,1.6,17,273,270,1,1.59E-17,58,79
79,36,107,28,65,29,30,1.6,17,273,270,1,4.20E-17,58,79
74,34,98,27,67,24,30,1.38,19,139,135,1,1.27E-17,50,74
74,34,98,27,67,24,30,1.38,19,139,135,1,3.68E-17,50,74
63,33,75,23,54,69,34,0.88,21,83,90,1,6.76E-18,41,63
63,33,75,23,54,69,34,0.88,21,83,90,1,2.87E-17,41,63
57,33,63,17,39,104,43,0.72,23,120,135,1,-3.04E-18,35,57
57,33,63,17,39,104,43,0.72,23,120,135,1,6.61E-17,35,57
52,23,53,12,30,129,56,0.58,26,315,315,2,9.25E-17,30,52
52,23,53,12,30,129,56,0.58,25,315,315,2,1.21E-16,30,51
50,22,48,9,26,160,73,0.47,27,336,315,2,1.22E-16,19,50
64,20,47,7,18,171,92,0.38,28,324,315,2,1.16E-16,14,64
58,19,55,7,16,166,110,0.35,28,348,360,2,5.67E-17,16,58
54,18,58,8,21,163,127,0.4,28,26,45,2,2.65E-17,15,54
59,20,59,8,18,167,141,0.42,28,352,360,2,2.45E-17,12,58
60,19,69,7,25,150,151,0.42,28,314,315,2,1.24E-17,15,59
60,19,69,7,25,150,151,0.42,26,314,315,2,6.72E-17,14,60
65,20,80,7,39,134,155,0.45,26,349,360,2,1.06E-16,13,65
67,26,83,7,48,116,153,0.53,24,44,45,2,1.24E-16,22,67
64,30,78,7,66,65,141,0.53,23,258,270,1,1.09E-16,22,64
69,36,88,8,83,31,124,0.7,21,238,225,2,8.62E-17,26,69
76,36,102,10,95,10,104,0.9,20,249,270,2,6.00E-17,28,76
76,36,102,10,95,10,104,0.9,20,249,270,2,6.06E-17,28,63
70,37,89,8,89,11,85,0.7,19,230,225,1,7.03E-17,31,66
70,37,89,8,89,11,85,0.7,19,230,225,1,7.11E-17,31,69
65,34,79,8,86,8,8,0.68,18,216,225,2,8.64E-17,34,65
70,33,89,9,81,9,9,0.68,17,238,225,2,2.68E-17,36,70
79,33,108,10,75,8,8,0.68,16,36,45,1,5.35E-17,38,79
82,34,114,12,70,9,9,0.65,16,232,225,1,2.61E-17,42,82
81,34,111,21,65,9,8,0.85,15,124,135,1,6.15E-17,43,80
88,36,126,25,61,11,9,0.75,15,247,225,1,4.99E-17,45,84
88,36,126,25,61,11,9,0.75,15,247,225,1,7.72E-17,45,88
86,39,122,29,64,11,9,0.88,16,329,315,1,6.30E-17,43,86
96,35,141,34,70,18,10,1.05,19,336,315,2,7.76E-17,33,95
88,38,125,32.25,76,34,13,1.13,21,336,315,2,5.35E-17,31,88
81,37,111,30.5,78,54,19,1.03,23,326,315,2,5.36E-17,25,81
75,31,100,28.75,59,73,27,0.85,24,353,360,2,5.64E-18,21,75
62,28,73,27,42,107,40,0.75,26,320,315,2,5.14E-17,20,68
62,28,73,27,42,107,40,0.75,26,320,315,2,6.52E-17,20,61
59,23,67,19,31,142,56,0.58,28,324,315,2,3.78E-17,19,59
53,23,55,11,17,156,74,0.47,29,1,360,2,6.32E-17,17,53
52,20,54,10,15,158,93,0.45,30,337,315,2,1.58E-17,15,52
48,19,46,9,15,154,110,0.45,30,338,360,2,7.68E-17,15,49
49,19,49,8,17,156,125,0.55,29,339,360,2,1.16E-16,16,49
56,22,62,6,25,128,134,0.55,26,351,360,2,1.39E-16,16,52.5
56,22,62,6,25,128,134,0.55,25,351,360,2,9.51E-17,17,56
74,29,98,6,43,106,139,0.65,25,295,315,2,1.30E-16,19,74
62,29,73,5,27,120,140,0.55,24,280,270,2,6.03E-17,27,62
51,29,51,5,42,97,135,0.65,22,251,270,2,6.77E-17,25,51
59.5,49,68.25,5,23,95,127,0.5,22,14,360,3,-1.93E-17,34,63.5
68,47,85.5,5,16,94,119,0.42,21,337,315,2,3.69E-18,39,76
76.5,45,102.75,5,16,94,119,0.42,21,337,315,2,-3.47E-17,39,79
85,43,120,5,16,92,111,0.38,19,341,360,2,-2.10E-17,44,82
85,41,120,5,16,92,111,0.38,19,341,360,2,-3.47E-18,44,85
63,39,76,6,17,92,92,0.35,19,306,315,2,5.07E-17,45,63
51,36,52,6,16,93,92,0.35,18,315,315,2,6.27E-17,56,52
44,31,43,7,12,96,94,0.35,17,304,315,2,4.41E-17,58,45
41,28,41,7,13,93,93,0.35,17,285,270,2,9.09E-17,59,40
36,22,36,6,10,98,94,0.3,17,310,315,2,2.78E-17,63,36
38,23,38,5,14,98,95,0.27,17,248,270,2,1.57E-16,61,38
38,23,38,5,14,98,95,0.27,17,248,270,2,2.91E-17,59,38
38,23,38,5,14,98,95,0.27,16.5,248,270,2,1.52E-16,61,38
53,26,55,5,26,81,93,0.38,16,348,360,2,3.20E-17,63,52
53,26,55,5,26,81,93,0.38,16,348,360,2,7.03E-17,63,52
55,26,60,7,37,64,89,0.4,16,20,360,2,-8.24E-18,73,55
55,26,60,7,37,64,89,0.4,16,20,360,2,-1.62E-16,73,55
52,24,54,6,42,57,87,0.5,14,349,360,2,-2.15E-16,80,52
52,24,54,6,42,57,87,0.5,14,349,360,2,-4.23E-18,80,52
48,24,48,6,37,61,83,0.57,14,255,270,2,0.3,82,48
48,24,48,6,37,61,83,0.57,14,255,270,2,0.3,82,48
47,25,47,5,28,60,77,0.48,15,247,225,2,0.7,81,41.5
47,25,47,5,28,60,77,0.48,16,247,225,2,0.7,84,35
47,25,47,5,28,60,77,0.48,16,247,225,2,0.7,84,35
46,24,46,6,32,75,76,0.55,16,248,270,2,0.2,84,46
46,24,46,6,32,75,76,0.55,16,248,270,2,0.2,84,46
38,20,38,6,26,82,73,0.6,16,279,270,2,0.1,76,38
38,20,38,6,26,82,73,0.6,16,279,270,2,0.1,76,38
49,21,49,6,29,94,72,0.65,17,290,270,2,0.1,77,49
49,21,49,6,29,94,72,0.65,17,290,270,2,0.1,77,49
44,21,44,6,28,94,75,0.55,16,203,225,2,-4.72E-17,75,44
44,21,44,6,28,94,75,0.55,16,203,225,2,-1.10E-16,75,44
41,23,41,5,25,92,79,0.52,14,292,270,2,0.1,82,40
41,23,41,5,25,92,79,0.52,14,292,270,2,0.1,82,40
38,23,38,5,28,86,81,0.53,14,254,270,2,0.2,85,38
38,23,38,5,28,86,81,0.53,14,254,270,2,0.2,85,38
36,24,36,5,31,82,83,0.6,14,359,360,2,0.275,89,36
36,24,36,5,31,82,83,0.6,14,359,360,2,0.35,89,36
36,24,36,5,31,82,83,0.6,14,359,360,2,0.425,89,36
34,21,34,5,30,82,86,0.57,12,322,315,2,0.5,94,34
34,21,34,5,30,82,86,0.57,12,322,315,2,0.5,94,34
33,18,33,5,38,67,85,0.63,12,251,270,2,0.1,84,33
33,18,33,5,38,67,85,0.63,12,251,270,2,0.1,84,33
31,22,30,5,36,61,82,0.6,12,242,225,1,0.1,90,32
31,22,30,5,36,61,82,0.6,12,242,225,1,0.1,90,32
29,20,28,5,39,53,77,0.53,13,358,360,1,-1.41E-16,92,29
29,20,28,5,39,53,77,0.53,13,358,360,1,-9.96E-17,92,29
30,20,30,5,39,48,71,0.53,13,247,225,1,0.1,95,29
30,20,30,5,39,48,71,0.53,13,247,225,1,0.1,95,29
30,20,30,5,39,48,71,0.53,13,247,225,1,0.1,95,29
33,19,33,5,40,40,65,0.5,11,78,90,1,-5.38E-17,96,33
33,19,33,5,40,40,65,0.5,11,78,90,1,-7.68E-17,96,33
33,19,33,5,40,40,65,0.5,11,78,90,1,-1.26E-16,96,32.5
32,19,32,5,32,47,47,0.4,12,297,315,1,0.1,93,32
32,19,32,5,32,47,47,0.4,12,297,315,1,0.1,93,32
29,18,29,8,33,46,46,0.4,12,31,45,1,-1.15E-16,96,28
29,18,29,8,33,46,46,0.4,12,31,45,1,-2.34E-16,96,28
27,19,27,10,32,44,46,0.43,12,187,180,1,0.1,95,28
27,19,27,10,32,44,46,0.43,12,187,180,1,0.1,95,28
29,17,29,8,36,34,43,0.45,12,196,180,1,0.2,94,29
29,17,29,8,36,34,43,0.45,12,196,180,1,0.2,94,29
35,19,35,8,35,32,40,0.43,12,212,225,1,0.2,98,34
35,19,35,8,35,32,40,0.43,12,212,225,1,0.2,98,34
38,19,38,7,36,28,39,0.43,12,217,225,2,0.2,97,36
38,19,38,7,36,28,39,0.43,12,217,225,2,0.2,97,38
38,19,38,7,36,28,39,0.43,12,217,225,2,0.2,97,38
38,16,38,7,40,23,36,0.47,13,152,135,1.666666667,0.2,96,38
38,16,38,7,40,23,36,0.47,13,152,135,1.333333333,0.2,96,38
47,21,47,7,42,25,35,0.5,14,151,135,1,0.3,92,47
47,21,47,7,42,25,35,0.5,14,151,135,1,0.3,92,47
51,24,51,8,43,34,33,0.55,15,71,90,1,0.3,83,51
51,24,51,8,43,34,33,0.55,15,71,90,1,0.3,83,51
53,26,55,8,45,51,34,0.57,16,82,90,1,0.2,74,53
53,26,55,8,45,51,34,0.57,16,82,90,1,0.2,74,53
51,27,52,9,46,61,35,0.6,16,81,90,1,0.6,73,51
51,27,52,9,46,61,35,0.6,16,81,90,1,0.6,73,51
52,29,53,15,43,84,42,0.6,17,2,360,2,1.38E-16,68,52
52,29,53,15,43,84,42,0.6,17,2,360,2,0.6,70,52
52,29,53,15,43,84,42,0.6,17,2,360,2,7.11E-17,68,52
49,31,49,16,35,83,48,0.58,17,321,315,2,-3.47E-17,63,48
49,31,49,16,35,83,48,0.58,17,321,315,2,-6.79E-17,63,48
46,29,46,17,32,81,55,0.6,18,333,315,2,-8.85E-17,58,46
46,29,46,17,32,81,55,0.6,18,333,315,2,-3.90E-17,58,46
42,26,42,17,31,83,63,0.55,18,328,315,2,0.1,47,42
42,26,42,17,31,83,63,0.55,18,328,315,2,0.1,47,42
35,20,35,13,25,100,72,0.47,19,20,360,2,1.35E-16,39,35
35,20,35,13,25,100,72,0.47,19,20,360,2,1.47E-16,39,35
32,21,32,7,21,102,81,0.43,18,335,315,2,8.67E-18,45,32
32,21,32,7,21,102,81,0.43,18,335,315,2,1.44E-16,45,32
33,21,33,7,33,88,86,0.43,17,274,270,2,6.07E-18,49,33
33,21,33,7,33,88,86,0.43,17,274,270,2,4.60E-17,49,33
33,21,33,7,33,88,86,0.43,17,274,270,2,5.94E-17,49,33
40,20,40,6,33,82,88,0.43,18,25,45,1,1.95E-16,49,40
40,20,40,6,33,82,88,0.43,18,25,45,1,1.56E-16,49,40
45,21,45,5,31,73,86,0.45,16,163,180,1,5.55E-17,57,45
45,21,45,5,31,73,86,0.45,16,163,180,1,1.30E-17,57,45
44,24,44,5,28,68,85,0.47,16,215,225,2,6.33E-17,62,44
44,24,44,5,28,68,85,0.47,16,215,225,2,5.42E-17,62,44
45,21,45,5,32,62,82,0.43,13,229,225,2,1.87E-16,65,44
45,21,45,5,32,62,82,0.43,13,229,225,2,2.60E-16,65,44
52,24,54,5,39,52,78,0.45,15,214,225,1,2.95E-16,65,52
52,24,54,5,39,52,78,0.45,15,214,225,1,3.84E-16,65,29
46,22,46,5,38,49,72,0.4,13,14,360,1,2.49E-16,72,37.5
46,22,46,5,38,49,72,0.4,13,14,360,1,1.18E-16,72,46
43,26,43,5,43,41,41,0.45,12.5,300,315,1,1.20E-16,73,43
53,25,55,5,63,15,28,0.47,12,271,270,1,3.21E-17,74,52
56,24,62,6,66,8,21,0.43,12,128,135,1,6.16E-17,69,56
55,23,60,10,59,12,19,0.67,12,247,225,1,2.13E-16,71,55
55,22,59,15,54,12,18,0.9,11,354,360,2,1.80E-16,73,54
59,25,67,16,51,12,17,1.07,10,344,360,1,2.11E-16,79,59
59,25,67,16,51,12,17,1.07,10,344,360,1,1.21E-16,78,59
59,25,67,16,51,12,17,1.07,10,344,360,1,6.55E-17,79,59
71,29,92,15,53,11,16,1.27,12,8,360,1,1.94E-16,71,71
71,29,92,15,53,11,16,1.27,12,8,360,1,1.57E-16,71,71
66,25,81,20,57,15,16,1.286,13,294,315,1,1.85E-16,71,66
66,25,81,20,57,15,16,1.302,13,294,315,1,2.63E-16,71,66
64,28,78,25,62,33,15,1.318,16,10,360,1,2.06E-16,52,64
64,28,78,25,62,33,15,1.334,16,10,360,1,1.90E-16,52,64
54,26,57,20,53,94,25,1.35,18,18,360,2,4.34E-17,45,54
54,26,57,20,53,94,25,1.35,18,18,360,2,7.72E-17,45,54
42,23,42,12,31,101,34,0.7,20,343,360,2,1.37E-16,39,42
42,23,42,12,31,101,34,0.7,20,343,360,2,1.17E-16,39,42
45,21,45,10,24,102,44,0.5,21,42,45,1,1.80E-16,34,43.5
45,21,45,10,24,102,44,0.5,20,42,45,1,1.34E-16,34,45
45,21,45,10,24,102,44,0.5,20,42,45,1,6.33E-17,34,45
45,19,45,8,20,123,59,0.57,22,72,90,2,2.60E-18,31,44
45,19,45,8,20,123,59,0.57,22,72,90,2,4.29E-17,31,44
51,20,52,7,20,136,76,0.45,22,148,135,1,1.32E-16,32,51
51,20,52,7,20,136,76,0.45,22,148,135,1,9.65E-17,32,51
44,20,44,6,14,126,91,0.4,22,284,270,2,1.94E-16,34,44
44,20,44,6,14,126,91,0.4,22,284,270,2,6.42E-17,34,44
39,17,39,5,13,121,105,0.45,22,352,360,2,1.65E-17,29,38
39,17,39,5,13,121,105,0.45,22,352,360,2,3.17E-17,29,38
42,16,33,5,11,134,119,0.48,23,349,360,2,-4.55E-18,33,42
42,16,33,5,11,134,119,0.48,23,349,360,2,8.00E-17,33,42
65,21,80,6,14,119,122,0.5,18,10,360,2,1.52E-16,43,40.25
65,21,80,6,14,119,122,0.5,17,10,360,2,1.39E-16,45,38.5
65,21,80,6,14,119,122,0.5,17,10,360,2,2.48E-16,45,36.75
35,22,35,5,17,98,121,0.5,14,289,270,2,0.1,61,35
35,22,35,5,17,98,121,0.5,14,289,270,2,0.1,61,35
34,21,34,6,24,90,119,0.55,15,209,225,2,0.2,68,34
34,21,34,6,24,90,119,0.55,15,209,225,2,0.2,68,34
34,23,34,6,17,92,115,0.45,14,281,270,2,-5.55E-17,71,34
34,23,34,6,17,92,115,0.45,14,281,270,2,5.55E-17,71,34
33,23,28,5,16,91,109,0.4,12,290,270,2,2.99E-17,82,33
33,23,28,5,16,91,109,0.4,12,290,270,2,1.00E-16,82,33
29,20,24,5,25,72,102,0.47,12,274,270,1,0.3,84,29
29,20,24,5,25,72,102,0.47,12,274,270,1,0.3,84,52
31,22,23,5,33,58,94,0.42,12,39,45,2,-1.08E-16,86,32
31,22,23,5,33,58,94,0.42,12,39,45,2,-6.20E-17,86,32
31,22,23,5,33,58,94,0.42,12,39,45,2,-7.24E-17,86,32
31,22,25,5,28,61,61,0.35,12,315,315,2,-1.05E-16,89,32
31,22,25,5,28,61,61,0.35,12,315,315,2,-9.09E-17,89,32
33,23,27,8,31,57,59,0.43,12,354,360,1,0.1,88,32
33,23,27,8,31,57,59,0.43,12,354,360,1,0.1,88,32
30,21,27,9,27,59,59,0.38,12,341,360,1,-8.63E-17,86,29
30,21,27,9,27,59,59,0.38,12,341,360,1,-1.08E-16,86,29
27,19,26,11,24,62,60,0.4,12,284,270,1,-1.10E-16,88,26
27,19,26,11,24,62,60,0.4,12,284,270,1,-1.15E-16,88,26
29,20,23,9,22,58,59,0.4,11,273,270,2,0.4,95,29
29,20,23,9,22,58,59,0.4,11,273,270,2,0.4,95,29
27,17,27,8,24,53,58,0.45,11,267,270,1,0.6,94,26
27,17,27,8,24,53,58,0.45,11,183,180,3,0.3,93,26
27,17,27,8,24,53,58,0.45,11,267,270,1,0.6,93.5,26
27,17,27,8,24,53,58,0.45,11,267,270,1,0.6,94,26
31,22,28,8,31,48,57,0.63,11,300,315,1,0.3,94,32
31,22,28,8,31,48,57,0.63,11,300,315,1,0.3,94,32
29,20,26,8,39,41,55,0.55,11,277,270,2,0.5,95,29
29,20,26,8,39,41,55,0.55,11,277,270,2,0.5,95,29
29,19,29,8,38,43,52,0.6,11,241,225,2,0.47,96,28
29,19,29,8,38,43,52,0.6,11,241,225,2,0.44,96,28
28,18,28,7,35,48,51,0.6,11,235,225,2,0.41,92,28
28,18,28,7,35,48,51,0.6,11,235,225,2,0.38,92,28
25,16,25,6,21,69,53,0.43,11,305,315,2,0.35,90,25
25,16,25,6,21,69,53,0.43,11,305,315,2,0.32,90,25
28,17,28,5,19,77,54,0.42,12,274,270,2,0.29,85,28
28,17,28,5,19,77,54,0.42,12,274,270,2,0.26,85,28
28,17,28,5,19,77,54,0.42,12,274,270,2,0.23,85,27.5
27,18,27,5,19,72,55,1.6,12,320,315,1,0.2,79,27
27,18,27,5,19,72,55,1.6,12,320,315,1,0.2,79,27
27,13,27,5,15,79,59,0.38,14,281,270,2,-1.19E-16,75,26
27,13,27,5,15,79,59,0.38,14,281,270,2,-5.89E-17,75,26
27,11,24,5,15,85,64,0.38,15,206,225,2,0.1,65,27
27,11,24,5,15,85,64,0.38,15,206,225,2,0.1,65,27
28,12,26,5,16,91,70,0.42,16,19,360,2,-1.23E-16,66,29
28,12,26,5,16,91,70,0.42,16,19,360,2,-4.55E-17,66,29
30,12,24,5,15,96,77,0.35,12,11,360,2,0.066666667,80,30
30,12,24,5,15,96,77,0.35,12,11,360,2,0.133333333,80,30
25,13,25,5,28,79,81,0.43,13,235,225,2,0.2,74,27.5
25,13,25,5,28,79,81,0.43,12,235,225,2,0.2,72,25
27,15,27,5,33,78,82,0.45,14,271,270,2,-3.64E-17,70,27
29,18,29,8,35,73,82,0.5,12,3,360,1,1.94E-17,76,29
34,21,34,8,43,61,81,0.53,11,343,360,1,-3.83E-17,79,34
36,21,36,6,46,49,76,0.53,12,255,270,1,-1.89E-17,80,36
35,23,35,6,45,42,71,0.5,11.66666667,208,225,1,-5.98E-17,81.66666667,29
35,23,35,6,45,42,71,0.5,11.33333333,208,225,1,-5.05E-17,83.33333333,35
37,22,37,5,50,33,64,0.57,11,246,225,1,-5.29E-17,85,36
37,22,37,5,50,33,64,0.57,11,246,225,1,-4.60E-17,85,36
37,22,37,5,50,33,64,0.57,11,246,225,1,6.72E-18,85,36
37,21,37,5,54,23,23,0.65,10,271,270,1,2.91E-17,80,36
37,21,37,5,54,23,23,0.65,10,271,270,1,3.40E-17,80,36
39,22,39,6,53,16,19,0.63,10,149,135,1,8.00E-17,92,39
39,22,39,6,53,16,19,0.63,10,149,135,1,6.47E-17,92,39
38,25,38,6,47,20,19,0.57,9,319,315,1,-8.57E-18,86,38
38,25,38,6,47,20,19,0.57,9,319,315,1,1.24E-17,86,38
38,24,38,6,47,17,19,0.57,9,206,225,1,5.42E-18,88,38
38,24,38,6,47,17,19,0.57,9,206,225,1,2.91E-17,88,38
43,23,43,6,50,9,17,0.6,8,276,270,1,2.97E-17,88,43
43,23,43,6,50,9,17,0.6,8,276,270,1,1.04E-17,88,43
43,26,43,7,49,9,16,0.7,8,223,225,1,5.29E-17,90,43
43,26,43,7,49,9,16,0.7,8,223,225,1,-2.16E-17,90,43
43,26,43,7,49,9,16,0.7,8,223,225,1,-1.06E-17,90,43.5
44,27,44,8,43,14,15,0.82,9,344,360,1,5.52E-17,92,44
44,27,44,8,43,14,15,0.82,9,344,360,1,8.62E-17,92,44
47,23,47,9,46,25,16,0.95,12,40,45,1,1.25E-16,80,47
47,23,47,9,46,25,16,0.95,12,40,45,1,1.18E-16,80,47
52,23,53,11,47,52,19,1.02,14,68,90,2,9.25E-17,65,52
52,23,53,11,47,52,19,1.02,14,68,90,2,5.58E-17,65,52
45,23,45,9,45,80,28,0.82,16,104,90,2,4.66E-17,60,45
45,23,45,9,45,80,28,0.82,16,104,90,2,6.69E-17,60,45
39,17,39,8,34,124,41,0.57,18,74,90,2,7.68E-17,50,39
39,17,39,8,34,124,41,0.57,18,74,90,2,1.38E-16,50,39
40,16,32,6,24,127,55,0.4,19,356,360,2,1.39E-16,39,40
40,16,32,6,24,127,55,0.4,19,356,360,2,1.27E-16,39,40
40,16,32,6,24,127,55,0.4,19,356,360,2,1.37E-16,40,43
45,16,27,5,20,145,73,0.4,20,148,135,2,8.61E-17,38,46
45,16,27,5,20,145,73,0.4,20,148,135,2,1.32E-16,38,46
48,16,22,5,16,154,92,0.4,22,198,180,2,1.05E-16,22,49
48,16,22,5,16,154,92,0.4,22,198,180,2,1.32E-16,22,49
45,15,22,5,17,143,109,0.35,21,158,180,2,1.05E-16,27,45
45,15,22,5,17,143,109,0.35,21,158,180,2,1.08E-16,27,45
43,17,20,4,15,136,123,0.38,22,83,90,2,1.21E-16,22,43
43,17,20,4,15,136,123,0.38,22,83,90,2,1.06E-16,22,43
42,15,19,5,15,134,130,0.48,22,174,180,2,6.17E-17,25,42
42,15,19,5,15,134,130,0.48,22,174,180,2,7.42E-17,25,42
41,14,18,5,15,130,136,0.45,22,147,135,2,8.55E-17,28,41
41,14,18,5,15,130,136,0.45,22,147,135,2,7.47E-17,26,38.5
36,13,26,5,20,115,135,0.5,18,209,225,1,8.72E-17,31,36
33,17,33,5,24,99,132,0.55,17,222,225,2,8.23E-17,42,33
38,23,38,5,27,92,125,0.55,16,241,225,2,9.21E-17,50,38
39,23,39,6,32,83,116,0.6,15,241,225,2,6.33E-17,55,39
49,23,49,5,41,62,107,0.5,14,172,180,1,7.89E-17,59,49
49,23,49,5,41,62,107,0.5,14,172,180,1,5.92E-17,59,35
48,23,48,5,49,54,97,0.6,13,202,180,2,1.21E-17,57,48
48,23,48,5,49,54,97,0.6,14,202,180,2,1.26E-17,63,47.5
47,25,47,5,62,37,37,0.5,12,219,225,2,1.72E-17,64,47
50,24,50,5,77,11,24,0.57,12,229,225,2,2.06E-17,62,50
60,26,70,9,73,9,19,0.75,12,31,45,1,5.01E-17,66,60
55,24,59,16,69,7,16,1.32,11,191,180,2,3.50E-17,67,55
57,26,63,18,62,8,14,1.45,10,181,180,1,5.09E-17,68,57
62,28,73,15,59,9,14,1.4,10,278,270,1,4.04E-17,78,62
62,28,73,15,59,9,14,1.4,10,278,270,1,5.09E-17,79,64.5
67,26,84,18,53,13,13,1.6,11,138,135,1,2.48E-17,74,67
69,27,88,24,57,21,14,1.436,14,15,360,1,2.18E-17,64,69
69,24,87,28,61,34,14,1.272,16,54,45,1,1.40E-17,47,69
63,28,76,26,59,86,23,1.108,18,102,90,2,1.46E-17,38,63
62,21,74,19,58,112,37,0.944,21,81,90,2,3.60E-17,34,62
46,20,46,8,34,141,54,0.78,22,174,180,3,2.31E-17,31,54
46,20,46,8,34,141,54,0.78,22,107,90,2,3.60E-17,26,46
46,14,31,6,20,148,72,0.4,23,157,135,2,2.71E-17,22,47
42,12,24,5,13,134,88,0.3,25,134,135,2,3.37E-17,22,42
41,8,19,5,13,131,103,0.25,25,148,135,2,2.07E-17,17,41
41,7,18,5,13,130,118,0.28,26,156,135,2,1.07E-17,16,41
41,9,18,5,11,132,127,0.25,24,85,90,1,3.47E-17,17,42
39,13,23,5,20,126,131,0.28,24,162,180,2,2.98E-17,18,40
39,13,23,5,20,126,131,0.28,24,162,180,2,6.58E-17,18,40
39,13,23,5,20,126,131,0.28,24,162,180,2,8.30E-17,18,46.5
53,16,56,5,21,119,133,0.28,22,200,180,2,8.13E-17,23,53
53,16,56,5,21,119,133,0.28,22,200,180,2,9.99E-17,23,53
63,20,76,5,21,106,128,0.37,18,336,315,2,7.95E-17,27,63
63,20,76,5,21,106,128,0.37,18,336,315,2,5.72E-17,27,63
54,22,57,5,26,99,122,0.3,18,259,270,2,6.02E-17,38,53
54,22,57,5,26,99,122,0.3,18,259,270,2,4.49E-17,38,53
57,25,63,6,47,66,114,0.43,17,55,45,1,4.37E-17,46,57
57,25,63,6,47,66,114,0.43,17,55,45,1,7.68E-17,46,57
63,24,75,6,50,57,104,0.38,15,186,180,1,9.33E-17,45,49
63,24,75,6,50,57,104,0.38,15,186,180,1,8.34E-17,45,63
63,24,75,6,50,57,104,0.38,15,186,180,1,6.69E-17,45,63
58,22,66,7,60,41,93,0.4,14,220,225,1,5.60E-17,48,58
58,22,66,7,60,41,93,0.4,14,220,225,1,3.11E-17,48,58
58,22,66,7,60,41,93,0.4,14,220,225,1,5.40E-17,48,57.5
57,23,64,8,71,20,20,0.57,13,226,225,2,3.83E-17,50,57
57,23,64,8,71,20,20,0.57,13,226,225,2,2.94E-17,50,57
58,23,66,8,64,23,22,0.5,13,311,315,2,2.36E-17,62,58
58,23,66,8,64,23,22,0.5,13,311,315,2,2.53E-17,62,58
57,23,64,8,70,12,19,0.55,12,177,180,1,2.44E-17,58,57
57,23,64,8,70,12,19,0.55,12,177,180,1,-9.65E-18,58,57
65,24,80,9,68,11,17,0.57,12,329,315,1,3.47E-17,59,65
65,24,80,9,68,11,17,0.57,12,329,315,1,2.55E-17,59,65
68,24,85,12,67,8,15,0.63,11,298,315,2,2.52E-17,65,68
68,24,85,12,67,8,15,0.63,11,298,315,2,1.14E-17,65,68
72,29,94,23,61,9,14,1.05,11,282,270,1,1.82E-17,64,70
72,29,94,23,61,9,14,1.05,11,282,270,1,-6.56E-18,64,72
72,29,94,23,61,9,14,1.05,11,282,270,1,-3.58E-18,64,72
77,29,104,29,59,11,14,1.4,12,324,315,1,2.09E-17,63,77
77,29,104,29,59,11,14,1.4,12,324,315,1,1.65E-17,63,77
75,31,99,28.85714286,59,22,15,1.426,14,57,45,1,5.53E-18,49,75
75,31,99,28.71428571,59,22,15,1.452,14,57,45,1,1.52E-17,49,75
67,30,84,28.57142857,55,48,18,1.478,17,322,315,1,-6.61E-18,41,67
67,30,84,28.42857143,55,48,18,1.504,17,322,315,1,1.66E-17,41,67
66,26,82,28.28571429,63,74,24,1.53,19,101,90,2,2.38E-17,38,66
66,26,82,28.14285714,63,74,24,1.53,19,101,90,2,3.23E-17,38,66
61,27,71,28,64,109,37,1.22,22,80,90,2,7.07E-17,30,60
61,27,71,28,64,109,37,1.22,22,80,90,2,7.86E-17,30,60
51,28,51,19,45,154,54,0.8,24,331,315,2,3.44E-17,22,55.5
51,28,51,19,45,154,54,0.8,24,331,315,2,2.95E-17,19,51
50,23,43,13,32,160,74,0.57,26,313,315,2,-1.28E-17,20,50
46,17,39,10,21,146,91,0.47,26,73,90,2,-4.02E-17,16,46
46,15,35,10,17,147,108,0.4,27,16,360,2,-2.01E-17,14.5,46
46,14,30,9,15,146,123,0.32,28,54,45,2,-6.57E-17,13,46
45,14,28,8,16,144,135,0.43,28,159,180,1,-6.25E-17,13,45
114,19,36.25,7,14,128,142,0.47,26,51,45,2,-5.40E-17,18,114
114,19,44.5,7,14,128,142,0.47,26,51,45,2,-7.57E-17,18,114
114,19,52.75,7,14,128,142,0.47,26,23,45,3,-7.48E-17,18,114
114,21.14285714,61,5,12,103,141,0.43,21,339,360,3,-6.28E-17,29,114
114,23.28571429,69.25,5,12,103,141,0.43,21,339,360,3,-6.57E-17,29,114
114,25.42857143,77.5,5,13,96,134,0.3,18,337,315,3,-8.38E-17,35,114
114,27.57142857,85.75,5,13,96,134,0.3,18,337,315,3,-2.49E-17,35,114
72,29.71428571,94,5,16,93,125,0.28,17,344,360,2,-4.12E-17,42,93.66666667
72,31.85714286,94,5,16,93,125,0.28,17,344,360,2,-2.99E-17,42,73.33333333
53,34,55,5,17,90,119,0.28,15,357,360,2,-4.45E-17,51,53
53,34,55,5,17,90,119,0.28,15,357,360,2,-6.77E-17,51,53
51,27,52,5,24,77,110,0.32,14,215,225,1,-1.19E-16,68,63
51,27,52,5,24,77,110,0.32,14,215,225,1,-1.24E-16,68,51
51,27,52,5,24,77,110,0.32,14,215,225,1,-1.23E-16,68,51
44,25,44,5,30,61,99,0.35,13,149,135,1,0.125,75,47.5
44,25,44,5,30,61,99,0.35,13,149,135,1,0.25,75,44
44,25,44,5,30,61,99,0.35,13,149,135,1,0.375,75,44
43,22,43,5,26,60,60,0.4,13,192,180,2,0.5,81,43
43,22,43,5,26,60,60,0.4,13,192,180,2,0.5,81,43
52,23,54,5,27,59,60,0.35,12,225,225,2,0.457142857,82,52
52,23,54,5,27,59,60,0.35,12,225,225,2,0.414285714,82,52
58,26,65,5,24,64,61,0.35,12,3,360,2,0.371428571,84,58
58,26,65,5,24,64,61,0.35,12,3,360,2,0.328571429,84,58
64,30,77,5,22,65,62,0.38,12,175,180,2,0.285714286,95,63
64,30,77,5,22,65,62,0.38,12,175,180,2,0.242857143,95,63
64,33,77,5,20,71,64,0.33,11,106,90,1,0.2,84,64
64,33,77,5,20,71,64,0.33,11,106,90,1,0.2,84,64
63,37,75,7,25,60,63,0.72,11,321,315,2,6.29E-18,88,63.5
63,37,75,7,25,60,63,0.72,11,321,315,2,-4.77E-17,88,63
63,37,75,7,25,60,63,0.72,11,321,315,2,-1.11E-16,88,63
59,39,67,7,31,52,62,0.88,12,259,270,1,-9.53E-17,93,59
59,39,67,7,31,52,62,0.88,12,259,270,1,-6.48E-17,93,59
64,37,77,8,34,54,61,0.82,14,55,45,1,-7.91E-17,85,63
64,37,77,8,34,54,61,0.82,14,55,45,1,-3.61E-17,85,63
61,37,71,9,34,61,61,0.75,15,39,45,1,-3.23E-17,74,61
61,37,71,9,34,61,61,0.75,15,39,45,1,-7.30E-17,74,61
64,40,77,7,31,82,64,0.68,17,13,360,1,-1.01E-16,63,64
64,40,77,7,31,82,64,0.68,17,13,360,1,-9.89E-17,63,64
61,34,72,6,25,97,68,0.55,18,38,45,1,-9.58E-17,50,61
61,34,72,6,25,97,68,0.55,18,38,45,1,-9.91E-17,50,61
58,36,65,6,21,113,74,0.55,20,326,315,2,-9.07E-17,44,57
58,36,65,6,21,113,74,0.55,20,326,315,2,-3.27E-17,44,56.5
56,35,62,6,21,135,82,0.5,22,84,90,1,-2.39E-18,40,56
55,32,59,5,19,138,92,0.45,23,39,45,2,2.82E-17,36,55
55,29,59,5,17,146,103,0.47,24,356,360,2,2.65E-17,33,54
70,34,89,5,17,139,114,0.43,18,21,360,2,7.59E-18,47,70
43,30,40,5,17,114,120,0.43,18,354,360,2,2.38E-17,52,43
36,25,34,5,22,110,124,0.53,17,222,225,2,3.20E-17,47,36
36,25,34,5,22,110,124,0.53,17,222,225,2,3.78E-17,47,35
34,22,34,5,27,106,125,0.53,19,128,135,2,4.16E-17,46,34
37,25,37,5,35,94,122,0.55,18,171,180,1,2.01E-17,54,37
54,29,57,5,62,57,113,0.65,17,55,45,1,1.17E-17,61,54
60,29,69,6,85,26,99,0.77,16,288,270,1,1.90E-17,55,60
61,29,72,6,80,19,83,0.8,16,211,225,2,-8.78E-18,63,51
61,29,72,6,80,19,83,0.8,16,211,225,2,-9.43E-18,63,61
59,30,68,6,80,12,67,0.73,15,125,135,1,2.42E-17,66,59
59,30,68,6,80,12,67,0.73,15,125,135,1,4.34E-17,66,61.5
64,26,78,7,78,9,9,0.77,15,228,225,1,1.53E-17,70,64
63,27,76,9,73,11,10,0.8,14,281,270,2,1.83E-17,73,63
60,29,70,8,68,12,11,0.78,13,78,90,2,7.54E-18,70,60
62,25,73,8,68,9,10,0.78,13,301,315,1,1.16E-17,76,62
60,27,69,8,64,7,10,0.72,12,178,180,1,-8.78E-18,79,60
59,28,68,9,58,9,9,0.72,10,196,180,1,9.65E-18,53,59.5
59,28,68,9,58,9,9,0.72,10,196,180,1,1.97E-17,53,59
64,30,77,11,57,9,9,0.85,11,337,315,1,1.23E-17,53,63
68,31,85,19,60,19,11,1.15,14,58,45,1,2.41E-17,68,68
69,28,88,24,58,42,15,1.223333333,16,77,90,2,1.42E-17,57,69
67,26,84,29,53,61,21,1.296666667,18,117,135,2,3.59E-17,52,67
69,27,87,34,57,90,29,1.37,20,120,135,2,3.71E-17,43,69
74,26,98,27,47,123,44,1.15,22,113,135,2,6.91E-17,36,65.5
74,26,98,27,47,123,44,1.15,22,113,135,2,5.44E-17,36,62
77,39,103,20,40,156,64,0.92,24,91,90,2,7.17E-17,30,77
68,29,85,13,26,160,83,0.65,25,29,45,1,5.63E-17,35,67
71,27,77,11,22,177,105,0.57,26,355,360,2,4.03E-17,30,70
86,30,76,10,21,189,127,0.6,27,133,135,1,3.69E-17,28,85
78,28,77,9,22,182,145,0.6,28,74,90,2,5.26E-17,26,78
76,29,79,8,23,181,160,0.55,27,29,45,2,6.02E-17,23,75
76,29,79,8,23,181,160,0.55,27,29,45,2,7.07E-17,23,75
76,32,81,9,23,181,168,0.55,26,104,90,1,8.71E-17,23,75
65,32,80,9,34,157,173,0.68,24,79,90,2,8.55E-17,35,65
85,34,119,7,44,102,166,0.63,22,122,135,2,7.51E-17,32,85
71,39,92,7,32,92,157,0.5,21,121,135,2,6.32E-17,40,71
70,32,90,7,49,68,144,0.55,20,116,135,2,5.28E-17,49,61
70,32,90,7,49,68,144,0.55,20,116,135,2,5.03E-17,49,70
59,33,67,8,28,84,131,0.47,20,127,135,2,5.53E-17,53,64.5
59,33,67,8,28,84,131,0.47,20,127,135,2,5.87E-17,53,59
55,29,59,9,24,84,84,0.42,18,131,135,2,5.61E-17,57,55
54,27,58,10,23,80,82,0.45,18,245,225,1,4.23E-17,60,54
63,28,76,16,37,61,75,0.5,18,227,225,1,4.06E-17,64,63
66,32,82,19,44,47,68,0.55,17,351,360,1,3.16E-17,64,66
64,33,78,14,33,61,67,0.5,16,305,315,2,1.25E-17,64,64
52,27,54,6,12,102,73,0.23,16,272,270,2,1.69E-17,57,52
52,27,54,6,12,102,73,0.23,16,272,270,2,2.48E-17,50,52
52,27,54,6,12,102,73,0.23,16,272,270,2,3.09E-17,50,53.5
55,25,60,5,29,79,73,0.4,16,242,225,2,2.85E-17,48,55
55,25,60,5,29,79,73,0.4,16,242,225,2,4.08E-17,48,55
51,24,52,6,37,71,73,0.53,16,53,45,2,2.58E-17,53,51
51,24,52,6,37,71,73,0.53,16,53,45,2,2.02E-17,53,51
53,19,56,6,48,63,70,0.47,18,119,135,2,1.72E-17,51,53
53,19,56,6,48,63,70,0.47,18,119,135,2,1.41E-17,51,53
59,20,67,7,56,58,68,0.55,18,311,315,2,1.84E-17,45,59
59,20,67,7,56,58,68,0.55,18,311,315,2,6.34E-18,45,59
57,20,64,9,47,88,70,0.7,20,65,45,2,4.24E-18,41,57
57,20,64,9,47,88,70,0.7,20,65,45,2,-2.18E-18,41,57
54,19,58,8,44,92,76,0.63,22,321,315,2,-3.84E-18,32,54
54,19,58,8,44,92,76,0.63,22,321,315,2,-1.07E-17,32,54
54,19,58,8,44,92,76,0.63,22,321,315,2,-1.60E-17,32,47.5
41,13,41,8,30,127,84,0.68,23,297,315,2,-1.67E-17,24,41
41,13,41,8,30,127,84,0.68,23,297,315,2,-1.13E-17,24,41
50,15,50,8,23,129,88,0.67,23,296,315,2,-1.40E-17,22,50
50,15,50,8,23,129,88,0.67,23,296,315,2,-7.65E-18,22,50
45,14,45,8,26,126,94,0.72,24,239,225,2,-3.57E-18,21,45
45,14,45,8,26,126,94,0.72,24,239,225,2,-1.80E-18,21,45
44,13,44,7,22,131,102,0.63,22,221,225,2,-3.62E-18,20,44
44,13,44,7,22,131,102,0.63,22,221,225,2,-7.18E-19,20,44
46,18,46,7,26,122,115,0.67,23,27,45,1,5.90E-19,22,46
46,18,46,7,26,122,115,0.67,23,27,45,1,1.26E-18,22,46
58,18,65,6,35,100,114,0.73,22,90,90,3,3.14E-18,31,52
58,18,65,6,35,100,114,0.73,22,176,180,1,3.36E-18,31,58
58,18,65,6,35,100,114,0.73,22,176,180,1,3.29E-18,31,58
59,25,67,6,32,93,115,0.68,21,210,225,2,1.30E-18,33,59
59,25,67,6,32,93,115,0.68,21,210,225,2,1.57E-18,33,59
59,25,67,6,34,84,114,0.75,20,237,225,1,1.22E-18,35,58
59,25,67,6,34,84,114,0.75,20,237,225,1,6.42E-19,35,58
56,27,62,6,39,75,107,0.75,19,299,315,1,4.20E-19,42,56
56,27,62,6,39,75,107,0.75,19,299,315,1,2.49E-19,42,56
57,27,63,6,50,59,98,0.8,19,276,270,1,0,46,57
57,27,63,6,50,59,98,0.8,19,276,270,1,0,46,57
55,26,59,6,58,49,89,0.92,18,244,225,2,0,41,55
55,26,59,6,58,49,89,0.92,18,244,225,2,0,41,70
55,26,59,6,58,49,89,0.92,18,244,225,2,0,41,55
55,21,60,6,57,44,77,0.93,16,38,45,1,0,48,55
55,21,60,6,57,44,77,0.93,16,38,45,1,0,48,55
55,21,60,6,57,44,77,0.93,17,38,45,1,0,51,56
57,24,63,5,69,29,29,0.55,17,260,270,1,0,49,57
57,24,63,5,69,29,29,0.55,17,260,270,1,0,49,57
66,28,82,10,79,9,20,0.75,15,229,225,1,0,56,66
66,28,82,10,79,9,20,0.75,15,229,225,1,0,56,66
72,28,94,16,73,7,15,1.02,15,148,135,1,0,55,72
72,28,94,16,73,7,15,1.02,15,148,135,1,0,55,72
74,30,98,17,69,7,14,1.02,13,217,225,1,0,61,74
74,30,98,17,69,7,14,1.02,13,217,225,1,0,61,74
71,28,91,15,63,9,12,1.07,13,200,180,1,0,60,71
71,28,91,15,63,9,12,1.07,13,200,180,1,0,60,71
84,30,117,20,59,9,12,1.22,12.5,163,180,1,0,62,84
84,30,117,20,59,9,12,1.22,12,163,180,1,0,64,84
84,30,117,20,59,9,12,1.22,12,163,180,1,0,64,84
81,35,111,25,56,12,12,1.35,13,247,225,1,0,65,81
81,35,111,25,56,12,12,1.35,13,247,225,1,0,65,81
83,32,116,24,58,19,13,1.55,16,2,360,1,0,55,83
83,32,116,24,58,19,13,1.55,16,2,360,1,0,55,83
80,36,109,27,62,47,15,1.51,18,76,90,1,0,41,80
80,36,109,27,62,47,15,1.47,18,76,90,1,0,41,80
75,31,100,24,75,69,21,1.43,20,183,180,1,0,35,75
75,31,100,24,75,69,21,1.39,20,183,180,1,0,35,75
71,28,92,19,60,147,35,1.35,23,89,90,1,0,30,71
71,28,92,19,60,147,35,1.35,23,89,90,1,0,30,71
59,28,65,11,37,167,56,0.63,25,108,90,2,0,22,65
59,28,65,11,37,167,56,0.63,25,108,90,2,0,22,59
59,28,65,11,37,167,56,0.63,25,108,90,2,0,22,59
54,23,48,8,22,163,77,0.53,27,17,360,2,0,14,54
54,23,48,8,22,163,77,0.53,27,17,360,2,0,14,54
43,16,36,6,13,137,94,0.45,28,186,180,2,0,13,43
43,16,36,6,13,137,94,0.45,28,186,180,2,0,13,43
43,14,27,6,12,139,111,0.47,29,65,45,2,0,10,44
43,14,27,6,12,139,111,0.47,29,65,45,2,0,10,44
45,11,25,7,12,145,128,0.53,28,282,270,2,0,10,45
45,11,25,7,12,145,128,0.53,28,282,270,2,0,10,45
45,11,27,7,17,145,141,0.53,29,227,225,1,0,10,46
45,11,27,7,17,145,141,0.53,29,227,225,1,0,10,46
47,12,31,7,16,150,149,0.4,27,239,225,2,0,9,47
47,12,31,7,16,150,149,0.4,27,239,225,2,0,9,47
47,12,31,7,16,150,149,0.4,27,90,90,3,0,9,45.5
44,13,36,7,25,141,148,0.5,26,282,270,1,0,11,44
44,13,36,7,25,141,148,0.5,26,282,270,1,0,11,44
41,15,40,7,33,131,144,0.55,23,217,225,2,0,18,41
41,15,40,7,33,131,144,0.55,23,217,225,2,0,18,41
62,24,74,7,75,68,132,0.85,22,225,225,2,0,26,62
62,24,74,7,75,68,132,0.85,22,225,225,2,0,26,62
71,30,92,8,83,45,120,0.88,21,238,225,2,0,29,71
71,30,92,8,83,45,120,0.88,21,238,225,2,0,29,71
57,31,63,8,56,61,111,0.6,19,202,180,2,0,33,55
57,31,63,8,56,61,111,0.6,19,202,180,2,0,33,57
57,31,63,8,56,61,111,0.6,19,202,180,2,0,33,57
57,30,63,8,55,55,99,0.55,18,212,225,1,0,35,56
57,30,63,8,55,55,99,0.55,18,212,225,1,0,35,56
57,30,63,8,55,55,99,0.55,18,212,225,1,0,35,56
56,29,61,8,62,42,42,0.55,17,291,270,2,0,38,55
56,29,61,8,62,42,42,0.55,17,291,270,2,0,38,55
58,28,66,8,78,17,30,0.63,15,199,180,1,0,45,58
58,28,66,8,78,17,30,0.63,15,199,180,1,0,45,58
57,28,64,11,68,23,28,0.55,15,212,225,1,0,43,57
57,28,64,11,68,23,28,0.55,15,212,225,1,0,43,57
71,25,91,18,69,16,25,0.95,14,248,270,1,0,48,71
71,25,91,18,69,16,25,0.95,14,248,270,1,0,48,71
75,28,99,36,66,14,23,1.0225,13,277,270,1,0,51,75
75,28,99,36,66,14,23,1.095,13,277,270,1,0,51,75
85,31,119,31,63,15,21,1.1675,13,206,225,1,0,55,80
85,31,119,31,63,15,21,1.24,13,206,225,1,0,55,85
89,39,127,26,69,15,20,1.3125,14,321,315,1,0,50,88
90,41,130,32,68,29,21,1.385,17,27,45,1,0,43,90
74,39,98,33.5,58,45,22,1.4575,20,77,90,1,0,37,74
67,31,83,35,64,80,30,1.53,22,65,45,1,0,30,67
60,28,69,23,59,117,41,1,24,92,90,1,0,27,60
54,23,57,16,39,155,59,0.88,26,66,45,2,0,23,54
54,23,57,16,39,155,59,0.88,26,66,45,2,0,23,64.5
75,23,49,14,32,180,79,0.72,28,9,360,2,0,16,75
74,19,39,9,20,179,100,0.57,30,126,135,2,0,13,74
76,17,39,8,20,181,120,0.57,30,159,180,2,0,12,77
70,16,38,7,19,176,139,0.53,30,61,45,2,0,14,70
65,15,45,7,17,172,155,0.53,28,153,135,2,0,14,65
56,18,37,6,18,165,166,0.5,28,187,180,2,0,14,57
56,18,37,6,18,165,166,0.5,28,187,180,2,0,16,54.5
52,20,54,6,23,153,170,0.55,27,218,225,2,0,24,52
58,26,66,7,26,143,169,0.57,26,229,225,2,0,19,58
61,23,72,7,45,97,158,0.68,24,218,225,2,0,25,61
58,27,65,8,45,79,146,0.6,22,165,180,2,0,22,58
59,33,68,9,61,57,130,0.88,22,265,270,2,0,29,57
59,33,68,9,61,57,130,0.88,22,265,270,2,0,29,59
60,34,70,8,66,45,114,0.52,21,270,270,2,0,34,59.5
60,34,70,8,66,45,114,0.52,21,270,270,2,0,34,60
65,32,79,7,76,26,26,0.7,20,314,315,1,0,36,65
56,26,61,7,62,40,33,0.6,19,227,225,2,0,39,56
61,27,71,10,74,24,30,0.7,18,343,360,1,0,42,60
62,28,73,8,74,18,27,0.65,17,213,225,2,0,40,62
57,25,64,14,63,25,27,0.65,17,322,315,1,0,46,57
72,31,93,19,62,25,27,0.7,16,297,315,1,0,46,64
72,31,93,19,62,25,27,0.7,16,297,315,1,0,46,71
72,31,93,19,62,25,27,0.7,16,297,315,1,0,46,71
77,30,104,22,67,19,26,0.95,17,262,270,1,0,47,77
77,30,104,22,67,19,26,0.95,17,262,270,1,0,47,77
77,31,103,32,66,25,25,1.05,19,303,315,1,0,41,77
77,31,103,32,66,25,25,1.05,19,303,315,1,0,41,77
66,34,82,31.66666667,61,46,28,1.03,21,66,45,2,0,38,66
66,34,82,31.33333333,61,46,28,1.03,21,66,45,2,0,38,66
70,28,89,31,64,46,28,0.95,22,344,360,1,0,32,70
70,28,89,31,64,46,28,0.95,22,344,360,1,0,32,70
68,27,86,33,67,74,35,0.97,23,70,90,2,0,33,68
68,27,86,33,67,74,35,0.97,23,70,90,2,0,33,68
56,25,61,24,50,116,47,0.82,26,346,360,2,0,27,55
56,25,61,24,50,116,47,0.82,26,346,360,2,0,27,55
56,25,61,24,50,116,47,0.82,25,125,135,2,0,28,54.5
54,24,58,20,48,129,60,0.8,27,293,315,2,0,24,54
54,24,58,20,48,129,60,0.8,27,293,315,2,0,24,54
51,21,51,12,31,145,76,0.65,28,305,315,2,0,18,51
51,21,51,12,31,145,76,0.65,28,305,315,2,0,18,51
45,18,45,7,21,138,91,0.43,28,155,135,2,0,18,45
45,18,45,7,21,138,91,0.43,28,155,135,2,0,18,45
42,18,40,5,21,133,105,0.32,28,228,225,2,0,17,42
42,18,40,5,21,133,105,0.32,28,228,225,2,0,17,42
45,16,45,5,24,129,116,0.35,27,176,180,3,0,23,45
45,16,45,5,24,129,116,0.35,27,176,180,3,0,23,45
85,18,120,5,18,125,123,0.38,25,159,180,2,0,28,85
85,18,120,5,18,125,123,0.38,25,83,90,3,0,28,85
85,18,120,5,18,125,123,0.38,25,159,180,2,0,28,85
58,22,66,5,22,113,128,0.4,23,181,180,3,0,34,58
58,22,66,5,22,113,128,0.4,23,181,180,3,0,34,58
45,22,45,5,20,116,128,0.4,23,130,135,2,0,36,45
45,22,45,5,20,116,128,0.4,23,130,135,2,0,36,45
46,25,46,5,23,110,126,0.4,21,329,315,2,0,39,46
46,25,46,5,23,110,126,0.4,21,329,315,2,0,39,46
46,23,46,5,38,88,119,0.5,20,329,315,2,0,42,46
46,23,46,5,38,88,119,0.5,20,329,315,2,0,42,46
48,23,48,5,56,61,110,0.75,19,189,180,1,0,40,48
48,23,48,5,56,61,110,0.75,19,189,180,1,0,40,59
48,23,48,5,56,61,110,0.75,19,189,180,1,0,40,48
54,22,57,5,79,31,97,0.7,18,229,225,1,0,48,54
54,22,57,5,79,31,97,0.7,18,229,225,1,0,48,54
54,22,57,5,79,31,97,0.7,18,229,225,1,0,48,54
63,25,75,7,77,25,25,0.67,17,175,180,1,0,52,62
63,25,75,7,77,25,25,0.67,17,175,180,1,0,52,62
68,27,85,12,78,16,21,0.92,16,169,180,1,0,56,68
68,27,85,12,78,16,21,0.92,16,169,180,1,6.82E-20,56,68
72,29,94,15,81,11,17,1.07,15,256,270,1,2.08E-19,58,72
72,29,94,15,81,11,17,1.07,15,256,270,1,2.10E-19,58,72
68,38,86,19,76,10,15,1.27,15,327,315,1,9.32E-19,60,68
68,38,86,19,76,10,15,1.27,15,327,315,1,1.10E-18,60,68
64,32,78,16,67,16,16,1.25,14,281,270,2,9.99E-19,63,64
64,32,78,16,67,16,16,1.25,14,281,270,2,1.40E-18,63,64
69,34,88,17,63,17,16,1.35,13,228,225,2,1.52E-18,66,69
69,34,88,17,63,17,16,1.35,13,228,225,2,1.72E-18,66,76
83,36,116,21,64,16,16,1.3875,15,47,45,1,8.87E-19,58,83
81,33,112,27,65,25,17,1.425,18,180,180,1,1.12E-19,49,81
71,29,92,34,58,49,20,1.4625,20,60,45,2,-9.22E-19,41,71
66,29,81,27,60,93,30,1.5,23,113,135,2,-4.54E-18,35,66
59,28,68,17,46,147,44,1.05,25,87,90,2,-9.53E-18,32,59
52,23,54,12,40,158,63,0.9,27,70,90,2,-6.85E-18,26,52
52,23,54,12,40,158,63,0.9,27,70,90,2,-3.72E-18,27,71
90,18,50,11,35,192,86,0.82,29,80,90,2,-3.37E-18,17,90
94,17,41,8,23,195,109,0.6,30,82,90,2,-3.18E-18,18,93
94,17,39,7,19,195,132,0.53,31,150,135,2,-1.34E-18,15,94
85,17,38,6,19,188,153,0.55,31,129,135,2,-5.15E-18,18,85
71,14,38,6,17,177,170,0.47,30,119,135,2,-1.20E-19,16,70
49,13,37,6,19,157,178,0.5,30,117,135,3,3.66E-19,20,60
49,13,37,6,19,157,178,0.5,29,138,135,2,6.34E-18,19,50
43,17,39,6,25,136,175,0.52,28,139,135,2,8.02E-18,20,43
42,19,42,6,32,117,170,0.6,26,176,180,2,1.86E-17,20,42
47,20,47,6,48,90,157,0.7,24,172,180,2,2.32E-17,27,47
62,25,74,7,77,49,139,0.77,23,177,180,2,2.37E-17,29,62
65,25,80,9,87,30,122,0.75,21,149,135,2,9.38E-18,37,48
65,25,80,9,87,30,122,0.75,21,149,135,2,3.09E-18,37,65
74,31,98,11,95,16,98,1,21,138,135,2,-2.76E-18,36,69.5
74,31,98,11,95,16,98,1,21,138,135,2,-9.45E-18,36,74
62,33,73,11,92,12,12,0.8,20,120,135,2,1.57E-18,36,62
77,34,104,11,83,17,15,0.73,18,107,90,2,4.50E-18,42,77
66,33,82,12,77,19,16,0.75,19,116,135,2,1.60E-17,41,66
71,34,92,12,75,17,16,0.75,18,101,90,2,1.56E-17,45,71
82,34,113,12,76,13,16,0.7,18,120,135,2,6.94E-18,46,82
78,30,105,18,78,12,15,0.73,17,129,135,2,-1.40E-17,46,78
78,30,105,18,78,12,15,0.73,17,129,135,2,-1.08E-18,46,78
78,30,105,18,78,12,15,0.73,17,129,135,2,-8.78E-18,46,78
87,31,123,18,78,11,14,0.98,18,122,135,2,2.70E-17,50,87
87,31,123,18,78,11,14,0.98,18,122,135,2,3.58E-17,50,87
82,32,113,33,80,17,14,1,19,117,135,2,8.01E-17,49,82
82,32,113,33,80,17,14,1,19,117,135,2,6.61E-17,49,82
92,34,134,32.6,89,18,15,1.05,20,136,135,2,4.51E-17,44,92
92,34,134,32.2,89,18,15,1.05,20,136,135,2,3.07E-17,44,92
91,35,132,31.8,89.1,25,16,1.23,21,71,90,1,-6.07E-18,38,91
91,35,132,31.4,89.2,25,16,1.23,21,71,90,1,-2.12E-17,38,91
83,37,116,31,89.3,36,19,1.15,21,135,135,2,-4.57E-18,40,83
83,37,116,30.6,89.4,36,19,1.15,21,135,135,2,4.30E-17,40,83
86,38,121,30.2,89.5,35,21,1.17,21,117,135,2,5.14E-17,43,84.5
86,38,121,29.8,89.6,35,21,1.17,21,117,135,2,6.16E-17,42,86
86,38,121,29.4,89.7,35,21,1.17,21,117,135,2,6.27E-17,42,86
85,38,120,29,89.8,56,26,1.18,22,195,180,1,4.15E-17,37,85
85,38,120,29,89.9,56,26,1.18,22,195,180,1,1.79E-18,37,85
75,34,100,19,90,70,33,1.07,24,281,270,1,-1.39E-17,38,75
75,34,100,19,90,70,33,1.07,24,281,270,1,7.48E-18,38,75
69,33,87,14,63,97,44,0.88,24,147,135,2,3.18E-17,34,68
69,33,87,14,63,97,44,0.88,24,147,135,2,8.30E-17,34,68
54,26,58,10,47,117,52,0.63,25,145,135,2,5.05E-17,38,54
54,26,58,10,47,117,52,0.63,25,145,135,2,4.06E-17,38,54
52,22,53,7,32,112,65,0.55,25,144,135,2,4.61E-17,38,51
52,22,53,7,32,112,65,0.55,25,144,135,2,1.37E-17,38,51
51,20,52,8,27,114,77,0.5,25,136,135,2,-1.08E-18,37,51
51,20,52,8,27,114,77,0.5,25,136,135,2,-4.88E-18,37,51
51,20,52,8,27,114,77,0.5,25,136,135,2,4.26E-17,37,51
54,22,57,9,28,113,87,0.53,25,142,135,3,9.34E-17,36,54
54,22,57,9,28,113,87,0.53,25,142,135,3,5.14E-17,36,54
57,29,64,8,37,100,96,0.6,23,128,135,2,3.58E-17,43,57
57,29,64,8,37,100,96,0.6,23,128,135,2,2.67E-17,43,57
59,30,67,7,42,96,101,0.6,22,135,135,2,-4.34E-18,48,58
59,30,67,7,42,96,101,0.6,22,135,135,2,1.73E-17,48,58
62,35,73,7,51,82,103,0.55,20,172,180,2,3.14E-17,52,62
62,35,73,7,51,82,103,0.55,20,172,180,2,3.40E-17,52,62
63,33,76,9,52,73,100,0.73,20,152,135,2,2.75E-17,60,63
63,33,76,9,52,73,100,0.73,20,152,135,2,6.29E-18,60,65
63,33,76,9,57,61,94,0.73,19,57,45,1,8.57E-18,57,63
63,33,76,9,57,61,94,0.73,19,57,45,1,2.81E-17,67,61.5
60,33,69,8,55,60,60,0.65,19,45,45,1,5.27E-17,71,60
60,33,70,8,54,57,58,0.63,19,156,135,2,5.25E-17,68,60
61,31,72,8,54,55,57,0.6,18.5,34,45,1,1.80E-17,71,61
59,33,68,9,48,57,57,0.6,18,320,315,1,5.64E-18,74,59
57,32,64,9,46,57,57,0.57,17,191,180,1,-2.44E-18,75,57
64,34,77,9,56,42,55,0.58,16,204,225,1,-3.51E-17,76,60.5
64,34,77,9,56,42,55,0.58,16,204,225,1,-9.95E-17,76,64
64,34,77,9,56,42,55,0.58,16.5,204,225,1,-8.13E-17,76.5,64
68,35,85,10,56,40,53,0.68,17,298,315,1,-1.41E-17,77,67
71,36,92,13,53,46,52,0.8,19,111,90,1,2.86E-17,71,71
68,34,85,13,51,60,52,0.8,21,294,315,1,9.76E-18,54,68
64,33,77,14,51,85,55,0.92,23,182,180,1,1.12E-17,47,64
59,35,67,14,41,118,63,1,24,159,180,2,5.20E-18,41,59
56,34,62,12,27,129,72,0.82,25,1,360,2,-6.38E-17,35,57.5
56,34,62,12,27,129,72,0.82,25,1,360,2,-6.35E-17,35,56
56,34,62,12,27,129,72,0.82,25,1,360,2,-9.97E-18,35,56
63,33,76,17,18,131,81,0.55,27,278,270,2,7.79E-17,30,63
63,33,76,17,18,131,81,0.55,27,278,270,2,4.34E-18,30,63
88,32,125,10,13,125,92,0.45,26,295,315,2,5.03E-17,29,87
88,32,125,10,13,125,92,0.45,26,295,315,2,-4.86E-17,29,87
113,44,131.3333333,7,14,115,101,0.33,26,283,270,2,-1.15E-16,24,113
113,44,137.6666667,7,14,115,101,0.33,26,283,270,2,-1.36E-16,24,113
97,48,144,7,18,110,109,0.37,24,270.5,270,2,0.05,25.5,108.5
104,46,157,6,19,109,115,0.4,22,258,270,2,0.1,27,104
104,46,157,6,19,109,115,0.4,22,258,270,2,0.1,27,104
105,43,159,5,17,102,118,0.55,22,295,315,2,0.4,31,105
105,43,159,5,17,102,118,0.55,22,295,315,2,0.4,31,105
105,43,159,5,17,102,118,0.55,22,295,315,2,0.4,31,105
112,50,152.3333333,6,15,98,115,0.37,21,287,270,2,6.35E-17,33,112
112,50,145.6666667,6,15,98,115,0.37,21,287,270,2,-3.86E-17,33,112
95,48,139,5,13,97,111,0.37,20,351,360,2,-8.63E-17,29,95
95,48,139,5,13,97,111,0.37,20,351,360,2,-4.51E-17,29,95
85,46,119,6,14,92,106,0.55,19,312,315,2,-1.02E-16,32,85
85,46,119,6,14,92,106,0.55,19,312,315,2,-8.11E-17,32,85
82,43,114,6,15,91,102,0.33,18,6,360,2,3.51E-17,35,82
82,43,114,6,15,91,102,0.33,18,6,360,2,-9.56E-17,35,82
76,43,101,6,10,96,99,0.45,17,12,360,2,-1.07E-16,46,76
76,43,101,6,10,96,99,0.45,17,12,360,2,-1.08E-16,46,63
76,43,101,6,10,96,99,0.45,17,12,360,2,-3.72E-17,46,76
68,43,85,5,10,93,97,0.33,12,330,315,2,4.88E-18,71,72
68,43,85,5,10,93,97,0.33,12,330,315,2,3.79E-17,71,68
68,43,85,5,10,93,97,0.33,12,330,315,2,6.07E-17,71,68
55,39,60,5,14,81,81,0.38,12,315,315,2,0.6,81,63.66666667
55,39,60,5,14,81,81,0.38,12,315,315,2,0.6,81,59.33333333
55,33,60,5,19,71,76,0.4,11,308,315,2,-5.03E-17,82,55
55,33,60,5,19,71,76,0.4,11,308,315,2,1.05E-17,82,55
52,31,53,5,17,68,73,0.38,12,59,45,1,-3.53E-17,84,52
52,31,53,5,17,68,73,0.38,12,59,45,1,-3.04E-18,84,52
47,23,47,5,13,67,71,0.43,11,319,315,2,0.1,84,46
47,23,47,5,13,67,71,0.43,11,319,315,2,0.1,84,46
41,22,41,5,13,64,70,0.47,10,327,315,2,0.1,84,41
41,22,41,5,13,64,70,0.47,10,327,315,2,0.1,84,41
33,21,33,5,14,62,69,0.47,11,40,45,1,4.94E-17,91,33
33,21,33,5,14,62,69,0.47,11,40,45,1,3.69E-17,91,33
33,21,33,5,14,62,69,0.47,11,40,45,1,-2.52E-17,91,33
33,21,33,5,20,56,67,0.57,11,354,360,1,-5.16E-17,87,32
33,21,33,5,20,56,67,0.57,11,354,360,1,-8.59E-17,87,32
39,23,39,5,27,55,65,0.57,13,346,360,2,-3.61E-17,80,38
39,23,39,5,27,55,65,0.57,13,346,360,2,3.90E-18,80,38
39,19,39,6,25,65,63,0.6,14,340,360,1,-1.73E-18,72,39
39,19,39,6,25,65,63,0.6,14,340,360,1,1.56E-17,72,39
41,21,41,6,27,82,65,0.53,16,344,360,2,-2.62E-17,62,41
41,21,41,6,27,82,65,0.53,16,344,360,2,-4.61E-17,62,41
49,20,49,6,28,129,69,0.6,18,341,360,2,0.1,48,49
49,20,49,6,28,129,69,0.6,18,341,360,2,0.1,48,49
52,24,54,6,26,141,78,0.6,19,310,315,2,1.34E-17,39,52
52,24,54,6,26,141,78,0.6,19,310,315,2,4.79E-17,39,50.5
49,25,49,6,18,146,87,0.67,20.5,315,315,2,4.69E-17,35,49
41,24,41,5,15,131,96,0.65,22,303,315,2,2.88E-17,31,41
38,18,36,6,13,121,105,0.65,23,299,315,2,3.85E-17,28,38
37,16,32,7,12,119,114,0.65,23,36,45,2,-3.01E-17,23,38
35,16,33,7,13,111,120,0.6,22,326,315,2,-6.53E-17,19,35
36,15,36,7,14,106,123,0.57,23,53,45,3,-9.87E-18,15,35.5
36,15,36,7,14,106,123,0.57,23,36,45,2,1.66E-17,16,36
36,15,36,7,14,106,123,0.57,23,36,45,2,4.92E-17,16,36
38,15,38,8,18,101,120,0.57,21,51,45,1,5.18E-17,17,38
38,15,38,8,18,101,120,0.57,21,51,45,1,2.30E-17,17,38
40,17,40,8,20,95,115,0.57,21,69,90,2,1.78E-17,20,40
40,17,40,8,20,95,115,0.57,21,69,90,2,-4.88E-18,20,40
42,19,42,7,25,87,109,0.73,19,135,135,2,1.11E-17,23,42
42,19,42,7,25,87,109,0.73,19,135,135,2,5.16E-17,23,42
49,19,49,6,30,78,102,0.7,18,215,225,2,7.01E-17,30,48
49,19,49,6,30,78,102,0.7,18,215,225,2,2.81E-17,30,48
52,19,54,6,42,58,94,0.6,18,172,180,2,2.71E-18,29,52
52,19,54,6,42,58,94,0.6,18,172,180,2,-7.97E-18,29,52
52,19,54,6,42,58,94,0.6,18,172,180,2,1.11E-18,29,76
53,23,56,7,55,36,84,0.65,17,204,225,2,1.07E-17,36,64.5
53,23,56,7,55,36,84,0.65,17,204,225,2,5.40E-17,36,53
53,23,56,7,55,36,84,0.65,17,204,225,2,7.93E-17,36,53
56,24,61,8,57,32,32,0.5,16,151,135,2,5.44E-17,46,55
56,24,61,8,57,32,32,0.5,16,151,135,2,4.71E-17,46,55
51,21,52,8,53,34,33,0.48,16,157,135,2,3.77E-18,44,51
51,21,52,8,53,34,33,0.48,16,157,135,2,5.31E-18,44,51
50,24,50,8,47,37,34,0.47,14,166,180,2,-2.58E-17,58,50
50,24,50,8,47,37,34,0.47,14,166,180,2,6.09E-17,58,50
58,23,66,8,55,24,32,0.6,14,268,270,1,6.05E-17,59,58
58,23,66,8,55,24,32,0.6,14,268,270,1,6.62E-17,59,58
54,26,58,8,57,19,29,0.7,13,227,225,1,3.62E-17,65,54
54,26,58,8,57,19,29,0.7,13,227,225,1,4.77E-18,65,54
61,25,72,9,55,18,27,0.75,13,187,180,1,-4.79E-17,68,57.5
61,25,72,9,55,18,27,0.75,12,187,180,1,1.41E-18,58,61
61,25,72,9,55,18,27,0.75,12,187,180,1,2.29E-17,58,61
67,25,83,9,50,22,27,0.78,14,68,90,1,7.45E-17,63,60.2
67,25,83,9,50,22,27,0.78,14,68,90,1,1.11E-16,63,59.4
63.66666667,25.66666667,76.33333333,14.33333333,50.66666667,33.33333333,28,0.793333333,17,21,360,2,7.89E-17,48,58.6
60.33333333,26.33333333,69.66666667,19.66666667,51.33333333,44.66666667,29,0.806666667,17,21,360,2,8.34E-17,48,57.8
57,27,63,25,52,56,30,0.82,19,240,225,1,3.24E-17,44,57
57,27,63,25,52,56,30,0.82,19,240,225,1,-1.58E-17,44,57
57,24,63,33,46,73,35,0.9,20,39,45,1,-1.73E-17,35,57
57,24,63,33,46,73,35,0.9,20,39,45,1,1.90E-18,35,57
56,23,61,25,42,108,44,0.78,22,231,225,2,2.23E-17,31,56
56,23,61,25,42,108,44,0.78,22,231,225,2,5.39E-17,31,56
53,19,55,19,38,135,58,0.75,24,231,225,1,2.95E-17,29,54
53,19,55,19,38,135,58,0.75,24,48,45,2,2.61E-17,29,52
55,20,60,15,35,158,75,0.68,26,63,45,2,4.99E-18,25,55
59,22,60,12,29,167,94,0.68,28,278,270,2,8.19E-18,22,59
75,21,57,10,26,180,113,0.63,29,116,135,2,6.51E-19,20,75
70,22,69,8,20,176,131,0.57,30,201,180,1,-5.31E-18,17,70
70,26,90,7,18,163,145,0.55,31,336,315,2,1.92E-17,13,70
79,31,108,6,22,159,155,0.53,28,315,315,2,2.27E-17,14,79
79,31,108,6,22,159,155,0.53,30,315,315,2,6.45E-17,14,84
89,38,128,7,20,141,160,0.57,28,286,270,1,4.26E-17,17,89
87,39,124,6,13,122,158,0.5,26,72,90,2,3.92E-17,20,87
81,43.5,111,6,12,117,153,0.53,24,31,45,2,3.30E-17,20,81
85,48,119,7,16,110,148,0.5,23,28,45,1,2.78E-17,20,85
100,47,149,7,16,106,139,0.47,22,24,45,2,5.03E-18,27,52
100,47,149,7,16,106,139,0.47,22,24,45,2,-1.24E-17,27,81
82,40,114,5,13,103,129,0.5,21,298,315,2,2.71E-18,34,81.5
82,40,114,5,13,103,129,0.5,21,298,315,2,1.63E-17,34,82
78,41,106,7,17,95,95,0.4,19,245,225,2,1.64E-17,33,78
78,42,105,6,42,59,77,0.48,18,272,270,2,2.58E-17,32,78
92,42,133,6,60,33,63,0.53,18,270,270,2,2.78E-17,37,92
86,41,122,8,61,27,54,0.53,17,263,270,1,-3.85E-18,40,86
84,39,117,10,57,27,48,0.57,17,209,225,2,2.60E-18,42,84
96,41,142,11,54,29,45,0.63,17,288,270,2,1.38E-17,48,96
96,41,142,11,54,29,45,0.63,17,288,270,2,9.97E-18,41,96
96,41,142,11,56,25,42,0.7,18,285,270,1,2.93E-18,51,96
100,44,150,17,64,24,40,0.9,20,119,135,1,7.05E-18,36,100
85,36,120,27,54,67,36,0.88,22,27,45,1,-9.22E-18,30,85
76,34,102,24,49,110,43,0.9,24,102,90,2,-1.41E-17,26,76
77,33,104,20,42,155,58,0.8,25,132,135,2,-6.72E-18,25,77
75,31,100,13,33,128,69,0.7,27,159,180,3,-3.25E-18,26,75
75,31,100,13,33,128,69,0.7,27,159,180,3,9.00E-18,27,69.5
64,26,78,11,26,139,83,0.63,28,143,135,3,1.63E-17,25,64
56,25,61,7,15,138,98,0.53,28,158,180,3,2.66E-17,25,56
57,23,64,6,13,134,112,0.53,29,160,180,3,1.84E-17,24,57
60,22,70,5,13,130,126,0.5,29,132,135,3,-8.02E-18,20,60
63,19,76,5,15,122,133,0.57,28,153,135,3,-1.39E-17,24,63
64,23,77,6,19,117,133,0.47,28,152,135,3,-7.29E-18,26,63
64,23,77,6,19,117,133,0.47,28,111,90,3,-1.07E-17,26,62.5
62,24,74,5,18,115,128,0.58,27,163,180,3,6.29E-18,27,62
59,27,67,5,21,108,125,0.63,26,140,135,2,1.04E-17,31,59
53,27,56,5,22,100,120,0.6,25,162,180,2,3.04E-18,39,53
52,28,54,6,24,91,114,0.57,22,147,135,2,-1.49E-17,44,52
49,22,49,6,23,89,109,0.6,23,135,135,2,-1.32E-17,50,49
49,22,49,6,23,89,109,0.6,23,135,135,2,1.30E-18,50,81
50,24,50,7,18,98,105,0.65,21,132,135,2,2.97E-17,52,50
50,24,50,7,18,98,105,0.65,21,132,135,2,2.95E-17,52,52
54,29,57,7,15,115,115,0.57,21,81,90,2,1.63E-17,56,54
55,32,59,7,12,115,115,0.57,20,41,45,1,2.06E-17,59,55
51,32,51,6,11,111,114,0.55,19,300,315,2,-1.25E-17,68,51
48,30,48,6,13,108,112,0.57,19,316,315,2,-3.36E-17,70,48
41,29,37,6,12,104,111,0.55,18,324,315,2,-5.96E-17,76,42
39,27,37,6,10,107,110,0.47,18,329,315,2,-5.12E-17,77,40.5
39,27,37,6,10,107,110,0.47,18,329,315,2,-1.60E-17,77,39
44,24,44,6,15,100,109,0.45,18,315,315,2,-4.88E-18,79,44
40,24,40,6,23,91,107,0.5,19,317,315,1,6.61E-18,72,40
36,20,36,6,21,99,104,0.53,20,314,315,1,-2.82E-18,66,36
41,21,25,6,18,132,107,0.57,21,13,360,2,5.20E-18,59,42
39,21,31,6,18,125,108,0.55,22,310,315,2,-4.45E-17,50,39
42,16,27,6,16,134,112,0.53,24,305,315,2,-1.56E-17,45,40.5
42,16,27,6,16,134,112,0.53,25,305,315,2,-6.99E-18,37,42
43,17,28,6,13,137,115,0.42,26,317,315,2,-1.81E-17,36,43
43,17,30,7,13,136,119,0.4,26,306,315,2,4.75E-17,35,43
44,18,33,7,14,140,124,0.42,27,317,315,2,4.47E-17,32,44
43,19,39,7,14,136,130,0.38,28,59,45,2,8.67E-19,29,43
44,20,44,7,14,133,134,0.43,26,30,45,2,8.89E-18,23,44
54,21,57,6,18,125,133,0.43,26,144,135,1,-1.49E-17,24,54
54,21,57,6,18,125,133,0.43,26,144,135,1,-3.02E-17,24,54
54,21,57,6,18,125,133,0.43,26,90,90,3,-7.59E-18,24,53.5
53,24,56,6,21,119,133,0.4,25,86,90,2,7.20E-17,32,53
53,24,56,6,21,119,133,0.4,25,86,90,2,8.54E-17,32,53
53,28,56,6,22,117,131,0.38,24,103,90,1,0.3,37,53
53,28,56,6,22,117,131,0.38,24,103,90,1,0.3,37,53
55,30,59,5,28,105,127,0.45,22,228,225,2,0.1,53,55
55,30,59,5,28,105,127,0.45,22,228,225,2,0.1,53,55
53,34,55,6,33,90,121,0.45,22,240,225,2,2.47E-17,52,53
53,34,55,6,33,90,121,0.45,22,240,225,2,-1.56E-17,52,53
52,31,53,7,25,93,115,0.5,21,244,225,2,-1.63E-17,55,52
52,31,53,7,25,93,115,0.5,21,244,225,2,-7.02E-18,55,49
52,31,53,7,25,93,115,0.5,21,244,225,2,4.14E-17,55,52
50,25,50,10,27,85,109,0.53,20,264,270,2,1.09E-16,53,50
50,25,50,10,27,85,109,0.53,20,264,270,2,9.80E-17,53,50
50,25,50,10,27,85,109,0.53,20,264,270,2,7.76E-17,53,50.5
51,26,51,12,26,80,80,0.57,20,264,270,2,1.10E-16,55,51
51,26,51,12,26,80,80,0.57,20,264,270,2,-4.12E-17,55,51
52,28,53,13,26,74,76,0.53,20,216,225,2,-9.11E-18,54,52
52,28,53,13,26,74,76,0.53,20,216,225,2,-6.51E-19,54,52
51,29,51,16,25,73,75,0.55,20,151,135,1,3.51E-17,56,51
51,29,51,16,25,73,75,0.55,20,151,135,1,5.59E-17,56,51
51,29,51,17,23,75,75,0.5,19,193,180,1,9.52E-17,56,50
51,29,51,17,23,75,75,0.5,19,193,180,1,2.70E-17,56,50
53,25,56,11,26,70,74,0.5,19,278,270,1,3.92E-17,56,53
53,25,56,11,26,70,74,0.5,19,278,270,1,-2.13E-17,56,53
54,26,58,11,25,71,74,0.47,19,294,315,1,-9.54E-18,62,54
54,26,58,11,25,71,74,0.47,19,294,315,1,1.56E-17,62,54
54,26,58,11,25,71,74,0.47,19,294,315,1,2.82E-18,62,54
53,25,56,13,28,68,73,0.58,19,297,315,1,6.29E-18,62,53
53,25,56,13,28,68,73,0.58,19,297,315,1,5.91E-17,62,53
54,26,57,17,36,61,71,0.63,20,151,135,1,3.21E-17,56,53
54,26,57,17,36,61,71,0.63,20,151,135,1,1.30E-17,56,53
55,27,59,17,35,65,70,0.63,21,47,45,1,1.69E-17,48,55
55,27,59,17,35,65,70,0.63,21,47,45,1,-3.25E-18,48,55
51,26,52,15,32,77,70,0.63,22,173,180,1,-2.71E-18,43,51
51,26,52,15,32,77,70,0.63,22,173,180,1,4.50E-17,43,51
49,19,49,13,26,107,74,0.57,24,34,45,2,6.20E-17,34,49
49,19,49,13,26,107,74,0.57,24,34,45,2,1.60E-17,34,49
43,15,42,11,21,136,82,0.57,26,151,135,2,-2.34E-17,28,43
43,15,42,11,21,136,82,0.57,26,151,135,2,-1.78E-17,28,43
43,15,42,11,21,136,82,0.57,26,151,135,2,-1.30E-18,28,43
47,17,40,10,17,151,92,0.48,27,101,90,2,-7.16E-18,24,48
47,17,40,10,17,151,92,0.48,27,101,90,2,1.60E-17,24,48
47,16,39,7,14,151,102,0.45,28,56,45,1,1.04E-17,24,48
47,16,39,7,14,151,102,0.45,28,56,45,1,9.97E-18,24,48
56,18,41,7,16,165,114,0.5,27,165,180,2,-2.02E-17,25,57
56,18,41,7,16,165,114,0.5,27,165,180,2,-1.13E-17,25,57
70,22,42,7,17,176,129,0.53,29,218,225,2,5.95E-17,24,70
70,22,42,7,17,176,129,0.53,29,218,225,2,3.90E-17,24,70
71,18,44,7,19,177,143,0.65,29,184,180,2,9.24E-17,24,72
71,18,44,7,19,177,143,0.65,29,184,180,2,6.94E-18,24,72
68,22,50,6,19,174,155,0.65,29,188,180,2,-1.39E-17,24,70
68,22,50,6,19,174,155,0.65,29,188,180,2,-1.55E-16,24,68
55,22,53,6,26,164,162,0.65,26,221,225,2,-1.34E-16,26,55
55,25,60,6,44,136,162,0.73,26,182,180,2,-1.01E-16,32,55
59,31,68,7,39,113,157,0.72,25,299,315,2,-3.90E-18,30,59
49,33,49,8,18,125,154,0.53,25,111,90,1,-3.90E-18,33,49
58,33,65,7,13,126,149,0.4,25,61,45,2,-4.34E-18,36,57
58,33,65,7,13,126,149,0.4,25,61,45,2,-4.40E-17,36,52
54,31,58,6,12,120,142,0.43,21,15,360,2,-5.42E-17,38,53
54,31,58,6,12,120,142,0.43,21,15,360,2,-7.59E-17,38,54
68,33,85,5,16,106,106,0.38,22,185,180,1,-9.84E-17,40,68
90,36,129,5,9,106,106,0.4,21,347,360,2,-5.16E-17,33,89
75,34,100,5,8,108,106,0.4,20,358,360,2,3.69E-17,38,75
64,34,78,5,6,105,107,0.45,19,206,225,2,0.3,53,64
54,33,58,6,10,103,106,0.33,19,240,225,1,0.1,48,54
57,31,63,7,12,97,105,0.42,18,234,225,2,0.1,61,55.5
57,31,63,7,12,97,105,0.42,18,234,225,2,0.1,61,57
58,34,66,7,17,87,102,0.48,16,252,270,2,-3.86E-17,70,58
52,31,54,7,25,73,98,0.45,14,320,315,2,0.2,84,52
52,30,53,6,35,56,92,0.53,14,220,225,2,0.15,84,52
48,28,48,6,33,56,85,0.6,15,309,315,2,0.1,82,48
44,26,44,5,33,64,79,0.57,16,1,360,2,0.1,81,44
45,21,45,5,29,79,77,0.53,16,191,180,2,0.7,74,45
45,21,45,5,29,79,77,0.53,16,191,180,2,0.7,74,48
51,24,52,5,26,85,75,0.47,16,215,225,2,0.8,69,51
55,25,59,5,26,76,72,0.53,16,189,180,2,2.90E-16,76,55
56,27,61,5,22,89,72,0.47,17,69,90,1,0.1,75,56
52,28,53,5,26,82,73,0.5,17,103,90,2,0.2,74,52
59,29,67,5,28,71,75,0.5,18,153,135,2,-9.76E-17,73,58
51,27,52,6,27,79,78,0.6,17,93,90,1,0.1,64,51
51,27,52,6,27,79,78,0.6,18,93,90,1,0.1,67,51
51,27,52,6,27,79,78,0.6,17,93,90,1,0.1,64,51
53,27,55,7,30,80,80,0.63,18,64,45,1,-3.10E-17,64,53
53,27,55,7,30,80,80,0.63,18,64,45,1,9.54E-18,64,53
54,24,58,7,37,64,78,0.68,18,160,180,2,-1.01E-16,70,54
54,24,58,7,37,64,78,0.68,18,160,180,2,-9.28E-17,70,54
53,29,56,7,40,57,75,0.63,16,90,90,1.666666667,-1.23E-16,81,53
53,29,56,7,40,57,75,0.63,16,90,90,1.333333333,-7.25E-17,81,53
57,33,64,6,49,39,70,0.7,16,320,315,1,-4.53E-17,85,57
57,33,64,6,49,39,70,0.7,16,320,315,1,3.34E-17,85,57
55,29,59,7,58,25,62,0.85,15,187,180,2,-5.94E-17,80,55
55,29,59,7,58,25,62,0.85,15,187,180,2,-1.43E-17,80,55
55,29,59,7,58,25,62,0.85,15,187,180,2,-6.03E-17,80,57
59,26,68,7,62,14,54,0.8,14,296,315,1,-1.26E-16,88,59
59,26,68,7,62,14,54,0.8,14,296,315,1,-1.04E-16,88,59
59,26,68,7,62,14,54,0.8,14,296,315,1,-8.46E-17,88,60
61,30,72,7,60,11,11,0.7,14,189,180,1,4.34E-19,83,61
61,30,72,7,60,11,11,0.7,14,189,180,1,2.78E-17,83,61
62,31,73,10,59,8,10,0.78,13,214,225,1,4.66E-17,83,62
62,31,73,10,59,8,10,0.78,13,214,225,1,5.84E-17,83,62
61,29,72,9,57,7,9,0.78,13,194,180,1,5.68E-17,92,61
61,29,72,9,57,7,9,0.78,13,194,180,1,1.30E-17,92,61
60,31,70,11,53,7,8,0.93,13,177,180,1,-3.82E-17,92,60
60,31,70,11,53,7,8,0.93,13,177,180,1,-9.97E-18,92,60
61,28,71,15,49,8,8,1,13,274,270,1,-2.15E-17,94,61
61,28,71,15,49,8,8,1,13,274,270,1,-9.92E-18,94,61
60,28,69,16,48,7,8,1.32,13,160,180,1,8.67E-18,100,60.5
60,28,69,16,48,7,8,1.32,13,160,180,1,1.73E-18,94,60
60,28,69,16,48,7,8,1.32,13,160,180,1,-3.51E-17,94,60
61,31,71,19,45,12,8,1.341428571,14,319,315,1,-5.72E-17,92,60
61,31,71,19,45,12,8,1.362857143,14,319,315,1,-1.40E-17,92,60
61,28,71,24,47,25,11,1.384285714,16,51,45,1,5.61E-17,81,61
61,28,71,24,47,25,11,1.405714286,16,51,45,1,7.81E-17,81,61
64,24,77,28,55,49,15,1.427142857,18,359,360,1,4.99E-17,72,63
64,24,77,28,55,49,15,1.448571429,18,359,360,1,5.98E-17,72,63
54,25,58,23,50,75,24,1.47,20,231,225,1,8.72E-17,60,54
54,25,58,23,50,75,24,1.47,20,231,225,1,-2.59E-17,60,54
49,25,49,15,36,88,34,1.15,21,33,45,2,1.33E-17,50,49
49,25,49,15,36,88,34,1.15,21,33,45,2,-7.81E-18,50,49
35,20,35,10,23,110,46,0.82,23,124,135,2,7.55E-17,44,42
35,20,35,10,23,110,46,0.82,23,124,135,2,6.29E-17,44,35
40,21,36,8,20,127,61,0.7,25,134,135,3,5.64E-17,39,40
40,23,40,8,23,127,76,0.65,25.5,137,135,3,9.89E-17,37.5,40
43,20,43,8,23,132,91,0.65,26,111,90,2,1.44E-16,36,43
46,20,46,7,26,134,105,0.65,25,110,90,2,7.46E-17,34,46
54,20,58,6,25,131,115,0.58,26,139,135,2,1.42E-16,30,54
57,24,64,6,20,123,121,0.53,26,133,135,2,1.84E-16,35,55.5
57,24,64,6,20,123,121,0.53,27,133,135,2,1.23E-16,35,57
57,24,64,6,20,123,121,0.53,27,133,135,2,9.78E-17,35,57
58,24,66,5,18,119,125,0.38,26,140,135,2,1.16E-16,34,58
58,24,66,5,18,119,125,0.38,26,140,135,2,1.13E-16,34,58
57,24,64,5,23,105,125,0.47,25,140,135,2,1.96E-16,42,57
57,24,64,5,23,105,125,0.47,25,140,135,2,1.98E-16,42,57
61,26,72,6,25,96,121,0.45,24,134,135,2,1.74E-16,46,61
61,26,72,6,25,96,121,0.45,24,134,135,2,2.15E-16,46,61
61,29,71,7,32,89,116,0.53,23,144,135,2,1.25E-16,52,61
61,29,71,7,32,89,116,0.53,23,144,135,2,1.30E-16,52,61
56,29,62,6,29,89,111,0.48,23,145,135,2,1.54E-16,52,55
56,29,62,6,29,89,111,0.48,23,145,135,2,6.83E-17,52,56
56,29,62,6,29,89,111,0.48,23,145,135,2,1.87E-16,52,56
57,24,63,5,18,100,106,0.45,22,130,135,2,1.76E-16,55,56
57,24,63,5,18,100,106,0.45,22,130,135,2,2.21E-16,55,56
57,24,63,5,18,100,106,0.45,22,130,135,2,1.72E-16,55,54
52,24,54,6,17,97,97,0.53,21,124,135,2,1.20E-16,59,52
52,24,54,6,17,97,97,0.53,21,124,135,2,8.63E-17,59,52
54,24,58,7,19,90,93,0.63,21,131,135,2,4.49E-17,61,54
54,24,58,7,19,90,93,0.63,21,131,135,2,6.68E-17,61,54
51,24,51,10,23,78,88,0.73,21,122,135,2,7.31E-17,64,51
51,24,51,10,23,78,88,0.73,21,122,135,2,4.34E-17,64,51
51,26,51,10,21,78,86,0.65,21,129,135,1,4.22E-17,67,51
51,26,51,10,21,78,86,0.65,21,129,135,1,9.71E-17,67,51
53,22,55,13,18,79,84,0.72,20,119,135,1,1.18E-16,67,53
53,22,55,13,18,79,84,0.72,20,119,135,1,1.21E-16,67,53
55,26,59,17,22,70,82,0.88,20,160,180,1,7.72E-17,71,55
55,26,59,17,22,70,82,0.88,20,160,180,1,5.41E-17,71,55
55,26,59,17,22,70,82,0.88,20,160,180,1,5.45E-17,71,55.5
56,23,62,16,36,54,78,0.97,20,58,45,1,-1.95E-17,72,56
56,23,62,16,36,54,78,0.97,20,58,45,1,-2.93E-17,72,56
60,28,69,19,36,54,75,0.88,21,54,45,1,7.16E-18,66,59
60,28,69,19,36,54,75,0.88,21,54,45,1,-3.08E-17,66,59
60,25,69,20,34,62,71,0.98,22,99,90,1,2.68E-17,59,59
60,25,69,20,34,62,71,0.98,22,99,90,1,3.88E-17,59,59
54,25,57,21,31,84,70,1.07,23,339,360,1,9.35E-17,54,54
54,25,57,21,31,84,70,1.07,23,339,360,1,6.20E-17,54,54
58,21,65,18,29,99,75,1,24,326,315,2,6.83E-17,54,58
58,21,65,18,29,99,75,1,24,326,315,2,6.81E-17,54,58
57,21,64,16,31,86,71,0.83,22,331,315,2,1.54E-16,53,43
57,21,64,16,31,86,71,0.83,22,331,315,2,5.68E-17,53,43
57,21,64,16,31,86,71,0.83,22,331,315,2,1.27E-16,53,43
59,29,68,19,24,90,72,0.8,24,298,315,2,9.11E-17,50,59
59,29,68,19,24,90,72,0.8,24,298,315,2,5.85E-18,50,59
61,32,71,19,25,103,77,0.63,24,137,135,2,-1.07E-16,34,61
61,32,71,19,25,103,77,0.63,24,137,135,2,-1.72E-17,34,61
60,32,70,19,25,119,86,0.55,26,291,270,1,-2.15E-17,47,60
60,32,70,19,25,119,86,0.55,26,291,270,1,4.60E-17,47,60
62,34,74,18,29,126,97,0.6,24,328,315,2,1.95E-17,46,62
62,34,74,18,29,126,97,0.6,24,328,315,2,-9.71E-17,46,62
62,36,74,16,35,118,105,0.72,25,41,45,1,-3.69E-18,45,62
62,36,74,16,35,118,105,0.72,25,41,45,1,-4.86E-17,45,62
55,39,50,11,21,114,109,0.55,24,295,315,1,-1.11E-16,46,55
55,39,50,11,21,114,109,0.55,24,295,315,1,-6.51E-17,46,55
55,39,50,11,21,114,109,0.55,24,295,315,1,9.54E-18,46,55
47,29,47,10,24,109,110,0.52,24,178,180,2,-4.03E-17,46,47
47,29,47,10,24,109,110,0.52,24,178,180,2,-1.08E-19,46,47
44,27,44,10,20,108,111,0.5,23,211,225,1,-1.29E-16,50,44
44,27,44,10,20,108,111,0.5,23,211,225,1,-1.37E-16,50,44
44,23,44,7,14,106,113,0.42,19,315,315,2,-8.50E-17,68,44
44,23,44,7,14,106,113,0.42,19,315,315,2,-1.55E-16,68,44
42,22,42,6,16,101,113,0.48,18,296,315,2,0.2,76,42
42,22,42,6,16,101,113,0.48,18,296,315,2,0.4,76,42
47,23,47,7,23,92,109,0.5,17,295,315,3,0.6,80,46
47,23,47,7,23,92,109,0.5,17,295,315,3,0.6,80,56
46,23,46,7,25,83,104,0.53,17,300,315,2,0.8,80,51
46,23,46,7,25,83,104,0.53,16,300,315,2,0.8,96,46
42,23,42,6,19,85,85,0.55,16,299,315,2,0.666666667,96,42
42,22,42,6,19,78,81,0.58,15.5,335,315,2,0.533333333,96,42
37,21,37,5,18,80,81,0.58,15,314,315,2,0.4,96,37
35,23,35,6,20,72,79,0.6,15,321,315,2,0.1,97,35
37,21,37,5,19,69,77,0.63,14,317,315,2,-6.81E-17,97,37
38,22,38,6,18,69,75,0.63,15,287,270,2,0.5,97,37.5
38,22,38,6,18,69,75,0.63,15,287,270,2,0.5,97,38
38,22,38,6,18,69,75,0.63,15,287,270,2,0.5,97,38
40,23,40,6,26,58,73,0.78,15,284,270,2,9.06E-17,95,40
40,23,40,6,26,58,73,0.78,15,284,270,2,1.15E-16,95,40
37,25,37,6,38,48,70,0.82,15,249,270,2,0.4,98,37
37,25,37,6,38,48,70,0.82,15,249,270,2,0.4,98,37
38,22,38,6,41,52,66,0.85,16,274,270,1,-2.19E-17,96,38
38,22,38,6,41,52,66,0.85,16,274,270,1,-1.29E-16,96,38
40,21,40,6,39,63,64,0.93,16,320,315,1,-4.14E-17,92,40
40,21,40,6,39,63,64,0.93,16,320,315,1,-6.94E-17,92,40
46,23,46,7,45,69,62,0.95,17,300,315,2,-1.64E-16,87,46
46,23,46,7,45,69,62,0.95,17,300,315,2,-1.98E-16,87,46
47,21,47,7,41,81,63,0.85,17,282,270,2,-2.04E-16,81,47
47,21,47,7,41,81,63,0.85,17,282,270,2,-1.72E-16,81,47
47,21,47,7,41,81,63,0.85,17,282,270,2,-6.66E-17,81,44.5
42,21,42,6,33,95,66,0.75,18,305,315,2,-9.02E-17,73,42
42,21,42,6,33,95,66,0.75,18,305,315,2,5.25E-17,73,42
39,16,39,6,23,106,71,0.65,19,320,315,2,1.10E-16,69,39
39,16,39,6,23,106,71,0.65,19,320,315,2,3.05E-17,69,39
38,22,38,6,22,115,78,0.68,20,287,270,2,4.01E-18,67,38
38,22,38,6,22,115,78,0.68,20,287,270,2,-6.72E-17,67,38
41,24,41,6,29,109,87,0.73,20,247,225,2,-1.13E-17,70,41
41,24,41,6,29,109,87,0.73,20,247,225,2,5.68E-17,70,41
47,22,47,6,30,107,94,0.72,18,211,225,2,0.3,72,47
47,22,47,6,30,107,94,0.72,18,211,225,2,0.3,72,47
51,21,52,6,33,101,99,0.73,19,280,270,1,8.46E-17,72,49
51,21,52,6,33,101,99,0.73,19,280,270,1,1.30E-16,72,51
51,21,52,6,33,101,99,0.73,19,280,270,1,9.71E-17,72,51
57,25,63,6,45,86,101,0.75,17,292,270,2,0.3,79,57
57,25,63,6,45,86,101,0.75,17,292,270,2,0.3,79,57
48,27,48,6,37,84,100,0.75,16,279,270,2,0.1,85,48
48,27,48,6,37,84,100,0.75,16,279,270,2,0.1,85,48
45,28,45,5,47,65,97,0.7,16,331,315,2,0.3,83,45
45,28,45,5,47,65,97,0.7,16,331,315,2,0.3,83,45
40,27,40,5,51,54,91,0.68,16,233,225,2,0.3,88,40
40,27,40,5,51,54,91,0.68,16,233,225,2,0.3,88,40
36,22,36,6,45,53,82,0.6,14,334,315,2,-3.47E-18,88,46
36,22,36,6,45,53,82,0.6,14,334,315,2,-2.60E-17,88,36
33,20,33,6,45,45,75,0.55,14,350,360,1,-5.72E-17,96,34.5
33,20,33,6,45,45,75,0.55,14,350,360,1,6.14E-17,96,33
31,21,31,6,38,47,47,0.55,15,316,315,2,-6.81E-17,96,31
29,20,27,7,34,49,48,0.57,15,293,315,2,0.2,97,29
26,18,22,7,27,57,51,0.57,15,53,45,1,2.83E-16,97,26
27,19,20,6,30,50,51,0.55,15,177,180,1,2.53E-16,95,26
24,17,23,7,39,34,48,0.6,15,159,180,1,3.06E-16,97,25
27,19,27,7,43,27,44,0.65,14,171,180,1,1.56E-16,88,26
27,19,27,7,43,27,44,0.65,14,171,180,1,1.77E-16,88,27
34,21,34,6,41,32,42,0.65,15,199,180,1,1.08E-16,96,34
45,24,45,6,50,26,41,0.7,17,347,360,1,0.1,87,44
45,19,45,8,42,46,41,0.75,18,21,360,1,2.93E-17,77,45
42,17,42,10,44,73,44,0.8,20,17,360,1.5,2.71E-16,66,42
42,17,42,10,44,73,44,0.8,20,17,360,2,1.28E-16,66,42
38,15,37,14,35,120,52,0.82,21,339,360,2,2.78E-16,52,38
44,15,29,12,23,142,64,0.68,24,48,45,3,4.76E-16,38,41.5
44,15,29,12,23,142,64,0.68,24,341,360,2,3.58E-16,38,45
45,21,31,10,16,144,78,0.55,25,356,360,2,3.45E-16,33,45
48,25,38,9,15,153,94,0.47,24,5,360,2,1.34E-16,32,48
43,25,37,8,22,137,108,0.53,26,340,360,2,2.06E-16,29,43
47,21,35,7,16,150,121,0.5,27,348,360,2,2.05E-16,28,47
48,20,31,6,15,154,134,0.5,27,313,315,2,2.81E-16,24,49
48,18,28,6,17,153,144,0.55,27,292,270,2,-6.75E-17,24,49
